2026-08-26 02:22:33,470 - INFO - Searching for author by ID: 'test_id' (attempt 1/2)
2026-08-26 02:22:33,470 - INFO - ScraperAPI key detected, using manual fetch path first
2026-08-26 02:22:33,470 - ERROR - Data fetch error (attempt 1/2): manual fetch failed
2026-08-26 02:22:33,470 - INFO - Retrying in 0 seconds...
2026-08-26 02:22:33,471 - INFO - Searching for author by ID: 'test_id' (attempt 2/2)
2026-08-26 02:22:33,471 - INFO - ScraperAPI key detected, using manual fetch path first
2026-08-26 02:22:33,471 - ERROR - Data fetch error (attempt 2/2): manual fetch failed
2026-08-26 02:22:33,471 - ERROR - All retry attempts failed. Last error: manual fetch failed
2026-08-26 02:22:33,472 - INFO - ScholarTracker initialized for author_query='None', author_id='test_id'
2026-08-26 02:22:33,472 - INFO - ScraperAPI is configured for proxy support
2026-08-26 02:22:33,472 - INFO - Free proxy support enabled
2026-08-26 02:22:33,473 - INFO - Manually fetching data from: https://scholar.google.com/citations?hl=en&user=test_id&pagesize=100&view_op=list_works&sortby=pubdate
2026-08-26 02:22:33,473 - INFO - Attempting fetch via ScraperAPI...
2026-08-26 02:22:33,473 - INFO - ScraperAPI fetch successful
2026-08-26 02:22:33,474 - INFO - Successfully manually fetched data for Test Author: 100 citations, 1 papers
2026-08-26 02:22:33,476 - INFO - ScholarTracker initialized for author_query='None', author_id='test_id'
2026-08-26 02:22:33,476 - INFO - Free proxy support enabled
2026-08-26 02:22:33,476 - INFO - Starting history update...
2026-08-26 02:22:33,476 - INFO - No history file found. A new one will be created.
2026-08-26 02:22:33,476 - INFO - Validating collected stats...
2026-08-26 02:22:33,476 - INFO - Stats validation passed
2026-08-26 02:22:33,477 - INFO - Appended new history entry for 2024-01-02.
2026-08-26 02:22:33,477 - INFO - No previous stats to compare against.
2026-08-26 02:22:33,477 - INFO - History update complete.
2026-08-26 02:22:33,478 - INFO - ScholarTracker initialized for author_query='None', author_id='test_id'
2026-08-26 02:22:33,478 - INFO - Free proxy support enabled
2026-08-26 02:22:33,479 - INFO - Starting history update...
2026-08-26 02:22:33,479 - INFO - Loaded 2 history entries from /tmp/pytest-of-runner/pytest-0/test_update_history_replaces_s0/citation_history.json
2026-08-26 02:22:33,479 - INFO - Validating collected stats...
2026-08-26 02:22:33,479 - INFO - Stats validation passed
2026-08-26 02:22:33,479 - INFO - Refreshing existing entry for 2024-01-02.
2026-08-26 02:22:33,479 - INFO - Calculating citation changes...
2026-08-26 02:22:33,479 - INFO - Found 1 papers with new citations.
2026-08-26 02:22:33,480 - INFO - Saved daily changes to /tmp/pytest-of-runner/pytest-0/test_update_history_replaces_s0/daily_changes.json
2026-08-26 02:22:33,480 - INFO - History update complete.
2026-08-26 02:22:33,481 - INFO - ScholarTracker initialized for author_query='None', author_id='test_id'
2026-08-26 02:22:33,481 - INFO - Free proxy support enabled
2026-08-26 02:22:33,482 - INFO - Starting history update...
2026-08-26 02:22:33,482 - INFO - Loaded 1 history entries from /tmp/pytest-of-runner/pytest-0/test_update_history_records_ze0/citation_history.json
2026-08-26 02:22:33,482 - INFO - Validating collected stats...
2026-08-26 02:22:33,482 - INFO - Stats validation passed
2026-08-26 02:22:33,482 - INFO - Appended new history entry for 2024-01-02.
2026-08-26 02:22:33,482 - INFO - Calculating citation changes...
2026-08-26 02:22:33,482 - INFO - No new citations found for any papers.
2026-08-26 02:22:33,482 - INFO - Saved daily changes to /tmp/pytest-of-runner/pytest-0/test_update_history_records_ze0/daily_changes.json
2026-08-26 02:22:33,483 - INFO - History update complete.
2026-08-26 02:22:34,538 - INFO - ScholarTracker initialized for author_query='None', author_id='VtK5lwUAAAAJ'
2026-08-26 02:22:34,538 - INFO - ScholarTracker initialized for author_query='None', author_id='VtK5lwUAAAAJ'
2026-08-26 02:22:34,538 - INFO - ScraperAPI is configured for proxy support
2026-08-26 02:22:34,538 - INFO - ScraperAPI is configured for proxy support
2026-08-26 02:22:34,538 - INFO - Free proxy support enabled
2026-08-26 02:22:34,538 - INFO - Free proxy support enabled
2026-08-26 02:22:34,539 - INFO - Starting history update...
2026-08-26 02:22:34,539 - INFO - Starting history update...
2026-08-26 02:22:34,539 - INFO - Searching for author by ID: 'VtK5lwUAAAAJ' (attempt 1/5)
2026-08-26 02:22:34,539 - INFO - Searching for author by ID: 'VtK5lwUAAAAJ' (attempt 1/5)
2026-08-26 02:22:34,539 - INFO - ScraperAPI key detected, using manual fetch path first
2026-08-26 02:22:34,539 - INFO - ScraperAPI key detected, using manual fetch path first
2026-08-26 02:22:34,539 - INFO - Manually fetching data from: https://scholar.google.com/citations?hl=en&user=VtK5lwUAAAAJ&pagesize=100&view_op=list_works&sortby=pubdate
2026-08-26 02:22:34,539 - INFO - Manually fetching data from: https://scholar.google.com/citations?hl=en&user=VtK5lwUAAAAJ&pagesize=100&view_op=list_works&sortby=pubdate
2026-08-26 02:22:34,539 - INFO - Attempting fetch via ScraperAPI...
2026-08-26 02:22:34,539 - INFO - Attempting fetch via ScraperAPI...
2026-08-26 02:22:34,612 - WARNING - ScraperAPI failed: ScraperAPI returned status 401, trying direct request...
2026-08-26 02:22:34,612 - WARNING - ScraperAPI failed: ScraperAPI returned status 401, trying direct request...
2026-08-26 02:22:34,613 - INFO - Attempting fetch with automatic fallback (direct -> free proxy)...
2026-08-26 02:22:34,613 - INFO - Attempting fetch with automatic fallback (direct -> free proxy)...
2026-08-26 02:22:34,613 - INFO - Trying direct request first...
2026-08-26 02:22:34,613 - INFO - Trying direct request first...
2026-08-26 02:22:34,981 - WARNING - Direct request failed: 403 Client Error: Forbidden for url: https://scholar.google.com/citations?hl=en&user=VtK5lwUAAAAJ&pagesize=100&view_op=list_works&sortby=pubdate
2026-08-26 02:22:34,981 - WARNING - Direct request failed: 403 Client Error: Forbidden for url: https://scholar.google.com/citations?hl=en&user=VtK5lwUAAAAJ&pagesize=100&view_op=list_works&sortby=pubdate
2026-08-26 02:22:38,481 - INFO - Got free proxy: http://151.185.41.195:8080
2026-08-26 02:22:38,481 - INFO - Got free proxy: http://151.185.41.195:8080
2026-08-26 02:22:38,481 - INFO - Trying with free proxy: http://151.185.41.195:8080
2026-08-26 02:22:38,481 - INFO - Trying with free proxy: http://151.185.41.195:8080
2026-08-26 02:22:39,435 - WARNING - Free proxy also failed: ('Connection aborted.', ConnectionResetError(104, 'Connection reset by peer'))
2026-08-26 02:22:39,435 - WARNING - Free proxy also failed: ('Connection aborted.', ConnectionResetError(104, 'Connection reset by peer'))
2026-08-26 02:22:39,436 - ERROR - Manual fetch failed: 403 Client Error: Forbidden for url: https://scholar.google.com/citations?hl=en&user=VtK5lwUAAAAJ&pagesize=100&view_op=list_works&sortby=pubdate
2026-08-26 02:22:39,436 - ERROR - Manual fetch failed: 403 Client Error: Forbidden for url: https://scholar.google.com/citations?hl=en&user=VtK5lwUAAAAJ&pagesize=100&view_op=list_works&sortby=pubdate
2026-08-26 02:22:39,436 - ERROR - Data fetch error (attempt 1/5): Manual fetch failed: 403 Client Error: Forbidden for url: https://scholar.google.com/citations?hl=en&user=VtK5lwUAAAAJ&pagesize=100&view_op=list_works&sortby=pubdate
2026-08-26 02:22:39,436 - ERROR - Data fetch error (attempt 1/5): Manual fetch failed: 403 Client Error: Forbidden for url: https://scholar.google.com/citations?hl=en&user=VtK5lwUAAAAJ&pagesize=100&view_op=list_works&sortby=pubdate
2026-08-26 02:22:39,436 - INFO - Retrying in 10 seconds...
2026-08-26 02:22:39,436 - INFO - Retrying in 10 seconds...
2026-08-26 02:22:49,436 - INFO - Searching for author by ID: 'VtK5lwUAAAAJ' (attempt 2/5)
2026-08-26 02:22:49,436 - INFO - Searching for author by ID: 'VtK5lwUAAAAJ' (attempt 2/5)
2026-08-26 02:22:49,437 - INFO - ScraperAPI key detected, using manual fetch path first
2026-08-26 02:22:49,437 - INFO - ScraperAPI key detected, using manual fetch path first
2026-08-26 02:22:49,437 - INFO - Manually fetching data from: https://scholar.google.com/citations?hl=en&user=VtK5lwUAAAAJ&pagesize=100&view_op=list_works&sortby=pubdate
2026-08-26 02:22:49,437 - INFO - Manually fetching data from: https://scholar.google.com/citations?hl=en&user=VtK5lwUAAAAJ&pagesize=100&view_op=list_works&sortby=pubdate
2026-08-26 02:22:49,437 - INFO - Attempting fetch via ScraperAPI...
2026-08-26 02:22:49,437 - INFO - Attempting fetch via ScraperAPI...
2026-08-26 02:22:49,663 - WARNING - ScraperAPI failed: ScraperAPI returned status 401, trying direct request...
2026-08-26 02:22:49,663 - WARNING - ScraperAPI failed: ScraperAPI returned status 401, trying direct request...
2026-08-26 02:22:49,664 - INFO - Attempting fetch with automatic fallback (direct -> free proxy)...
2026-08-26 02:22:49,664 - INFO - Attempting fetch with automatic fallback (direct -> free proxy)...
2026-08-26 02:22:49,664 - INFO - Trying direct request first...
2026-08-26 02:22:49,664 - INFO - Trying direct request first...
2026-08-26 02:22:50,034 - WARNING - Direct request failed: 403 Client Error: Forbidden for url: https://scholar.google.com/citations?hl=en&user=VtK5lwUAAAAJ&pagesize=100&view_op=list_works&sortby=pubdate
2026-08-26 02:22:50,034 - WARNING - Direct request failed: 403 Client Error: Forbidden for url: https://scholar.google.com/citations?hl=en&user=VtK5lwUAAAAJ&pagesize=100&view_op=list_works&sortby=pubdate
2026-08-26 02:22:56,266 - INFO - Got free proxy: http://130.162.144.61:1080
2026-08-26 02:22:56,266 - INFO - Got free proxy: http://130.162.144.61:1080
2026-08-26 02:22:56,267 - INFO - Trying with free proxy: http://130.162.144.61:1080
2026-08-26 02:22:56,267 - INFO - Trying with free proxy: http://130.162.144.61:1080
2026-08-26 02:23:00,207 - WARNING - Free proxy also failed: 429 Client Error: Too Many Requests for url: https://www.google.com/sorry/index?continue=https://scholar.google.com/citations%3Fhl%3Den%26user%3DVtK5lwUAAAAJ%26pagesize%3D100%26view_op%3Dlist_works%26sortby%3Dpubdate&hl=en&q=EgSCopA9GIGcudQGIi4Z7BPHxN6zsqI1uY83qvVeKCLABT8zGMGnhWDWHWtBeAWxYv4nRB07rX5u-R6DMgJyUloBQw
2026-08-26 02:23:00,207 - WARNING - Free proxy also failed: 429 Client Error: Too Many Requests for url: https://www.google.com/sorry/index?continue=https://scholar.google.com/citations%3Fhl%3Den%26user%3DVtK5lwUAAAAJ%26pagesize%3D100%26view_op%3Dlist_works%26sortby%3Dpubdate&hl=en&q=EgSCopA9GIGcudQGIi4Z7BPHxN6zsqI1uY83qvVeKCLABT8zGMGnhWDWHWtBeAWxYv4nRB07rX5u-R6DMgJyUloBQw
2026-08-26 02:23:00,207 - ERROR - Manual fetch failed: 403 Client Error: Forbidden for url: https://scholar.google.com/citations?hl=en&user=VtK5lwUAAAAJ&pagesize=100&view_op=list_works&sortby=pubdate
2026-08-26 02:23:00,207 - ERROR - Manual fetch failed: 403 Client Error: Forbidden for url: https://scholar.google.com/citations?hl=en&user=VtK5lwUAAAAJ&pagesize=100&view_op=list_works&sortby=pubdate
2026-08-26 02:23:00,208 - ERROR - Data fetch error (attempt 2/5): Manual fetch failed: 403 Client Error: Forbidden for url: https://scholar.google.com/citations?hl=en&user=VtK5lwUAAAAJ&pagesize=100&view_op=list_works&sortby=pubdate
2026-08-26 02:23:00,208 - ERROR - Data fetch error (attempt 2/5): Manual fetch failed: 403 Client Error: Forbidden for url: https://scholar.google.com/citations?hl=en&user=VtK5lwUAAAAJ&pagesize=100&view_op=list_works&sortby=pubdate
2026-08-26 02:23:00,209 - INFO - Retrying in 20 seconds...
2026-08-26 02:23:00,209 - INFO - Retrying in 20 seconds...
2026-08-26 02:23:20,209 - INFO - Searching for author by ID: 'VtK5lwUAAAAJ' (attempt 3/5)
2026-08-26 02:23:20,209 - INFO - Searching for author by ID: 'VtK5lwUAAAAJ' (attempt 3/5)
2026-08-26 02:23:20,210 - INFO - ScraperAPI key detected, using manual fetch path first
2026-08-26 02:23:20,210 - INFO - ScraperAPI key detected, using manual fetch path first
2026-08-26 02:23:20,210 - INFO - Manually fetching data from: https://scholar.google.com/citations?hl=en&user=VtK5lwUAAAAJ&pagesize=100&view_op=list_works&sortby=pubdate
2026-08-26 02:23:20,210 - INFO - Manually fetching data from: https://scholar.google.com/citations?hl=en&user=VtK5lwUAAAAJ&pagesize=100&view_op=list_works&sortby=pubdate
2026-08-26 02:23:20,210 - INFO - Attempting fetch via ScraperAPI...
2026-08-26 02:23:20,210 - INFO - Attempting fetch via ScraperAPI...
2026-08-26 02:23:20,802 - WARNING - ScraperAPI failed: ScraperAPI returned status 401, trying direct request...
2026-08-26 02:23:20,802 - WARNING - ScraperAPI failed: ScraperAPI returned status 401, trying direct request...
2026-08-26 02:23:20,802 - INFO - Attempting fetch with automatic fallback (direct -> free proxy)...
2026-08-26 02:23:20,802 - INFO - Attempting fetch with automatic fallback (direct -> free proxy)...
2026-08-26 02:23:20,802 - INFO - Trying direct request first...
2026-08-26 02:23:20,802 - INFO - Trying direct request first...
2026-08-26 02:23:21,075 - WARNING - Direct request failed: 403 Client Error: Forbidden for url: https://scholar.google.com/citations?hl=en&user=VtK5lwUAAAAJ&pagesize=100&view_op=list_works&sortby=pubdate
2026-08-26 02:23:21,075 - WARNING - Direct request failed: 403 Client Error: Forbidden for url: https://scholar.google.com/citations?hl=en&user=VtK5lwUAAAAJ&pagesize=100&view_op=list_works&sortby=pubdate
2026-08-26 02:23:22,598 - INFO - Got free proxy: http://103.237.102.191:11111
2026-08-26 02:23:22,598 - INFO - Got free proxy: http://103.237.102.191:11111
2026-08-26 02:23:22,598 - INFO - Trying with free proxy: http://103.237.102.191:11111
2026-08-26 02:23:22,598 - INFO - Trying with free proxy: http://103.237.102.191:11111
2026-08-26 02:23:23,453 - INFO - Successfully manually fetched data for Xiang Liu: 1356 citations, 46 papers
2026-08-26 02:23:23,453 - INFO - Successfully manually fetched data for Xiang Liu: 1356 citations, 46 papers
2026-08-26 02:23:23,454 - INFO - Found author: Xiang Liu
2026-08-26 02:23:23,454 - INFO - Found author: Xiang Liu
2026-08-26 02:23:23,454 - INFO - Successfully collected stats for 46 papers.
2026-08-26 02:23:23,454 - INFO - Successfully collected stats for 46 papers.
2026-08-26 02:23:23,454 - INFO - Validating collected stats...
2026-08-26 02:23:23,454 - INFO - Validating collected stats...
2026-08-26 02:23:23,455 - INFO - Stats validation passed
2026-08-26 02:23:23,455 - INFO - Stats validation passed
2026-08-26 02:23:23,461 - INFO - Loaded 330 history entries from data/citation_history.json
2026-08-26 02:23:23,461 - INFO - Loaded 330 history entries from data/citation_history.json
2026-08-26 02:23:23,461 - INFO - Validating collected stats...
2026-08-26 02:23:23,461 - INFO - Validating collected stats...
2026-08-26 02:23:23,461 - INFO - Stats validation passed
2026-08-26 02:23:23,461 - INFO - Stats validation passed
2026-08-26 02:23:23,496 - INFO - Appended new history entry for 2026-08-26.
2026-08-26 02:23:23,496 - INFO - Appended new history entry for 2026-08-26.
2026-08-26 02:23:23,496 - INFO - Calculating citation changes...
2026-08-26 02:23:23,496 - INFO - Calculating citation changes...
2026-08-26 02:23:23,496 - INFO - Found 1 papers with new citations.
2026-08-26 02:23:23,496 - INFO - Found 1 papers with new citations.
2026-08-26 02:23:23,496 - INFO - Saved daily changes to data/daily_changes.json
2026-08-26 02:23:23,496 - INFO - Saved daily changes to data/daily_changes.json
2026-08-26 02:23:23,496 - INFO - History update complete.
2026-08-26 02:23:23,496 - INFO - History update complete.
2026-08-26 02:23:23,512 - INFO - Generating citation trends chart
2026-08-26 02:23:23,708 - INFO - Chromium init'ed with kwargs {}
2026-08-26 02:23:23,710 - INFO - Found chromium path: /usr/bin/google-chrome
2026-08-26 02:23:23,710 - INFO - Temp directory created: /tmp/tmp0skx2or1.
2026-08-26 02:23:23,710 - INFO - Opening browser.
2026-08-26 02:23:23,711 - INFO - Temp directory created: /tmp/tmp7kevdced.
2026-08-26 02:23:23,711 - INFO - Temporary directory at: /tmp/tmp7kevdced
2026-08-26 02:23:24,750 - INFO - Conforming 1 to file:///tmp/tmp0skx2or1/index.html
2026-08-26 02:23:26,113 - INFO - Getting tab from queue (has 1)
2026-08-26 02:23:26,114 - INFO - Got 6D1C
2026-08-26 02:23:26,230 - INFO - Reloading tab 6D1C before return.
2026-08-26 02:23:26,320 - INFO - Putting tab 6D1C back (queue size: 0).
2026-08-26 02:23:26,320 - INFO - Waiting for all cleanups to finish.
2026-08-26 02:23:26,320 - INFO - Exiting Kaleido.
2026-08-26 02:23:26,321 - INFO - TemporaryDirectory.cleanup() worked.
2026-08-26 02:23:26,321 - INFO - shutil.rmtree worked.
2026-08-26 02:23:26,321 - INFO - Closing browser.
2026-08-26 02:23:26,323 - INFO - TemporaryDirectory.cleanup() worked.
2026-08-26 02:23:26,323 - INFO - shutil.rmtree worked.
2026-08-26 02:23:26,323 - INFO - Closing browser.
2026-08-26 02:23:26,323 - INFO - Cancelling tasks.
2026-08-26 02:23:26,323 - INFO - Exiting Kaleido/Choreo.
2026-08-26 02:23:26,444 - INFO - TemporaryDirectory.cleanup() worked.
2026-08-26 02:23:26,444 - INFO - shutil.rmtree worked.
2026-08-26 02:23:26,445 - INFO - Cancelling tasks.
2026-08-26 02:23:26,445 - INFO - Exiting Kaleido/Choreo.
2026-08-26 02:23:26,466 - INFO - Generating paper trends chart
2026-08-26 02:23:26,469 - INFO - TemporaryDirectory.cleanup() worked.
2026-08-26 02:23:26,469 - INFO - shutil.rmtree worked.
2026-08-26 02:23:26,523 - INFO - Chromium init'ed with kwargs {}
2026-08-26 02:23:26,524 - INFO - Found chromium path: /usr/bin/google-chrome
2026-08-26 02:23:26,524 - INFO - Temp directory created: /tmp/tmpfp6fthcj.
2026-08-26 02:23:26,524 - INFO - Opening browser.
2026-08-26 02:23:26,525 - INFO - Temp directory created: /tmp/tmpo67mrwn_.
2026-08-26 02:23:26,525 - INFO - Temporary directory at: /tmp/tmpo67mrwn_
2026-08-26 02:23:26,810 - INFO - Conforming 1 to file:///tmp/tmpfp6fthcj/index.html
2026-08-26 02:23:28,148 - INFO - Getting tab from queue (has 1)
2026-08-26 02:23:28,148 - INFO - Got 3F27
2026-08-26 02:23:28,493 - INFO - Reloading tab 3F27 before return.
2026-08-26 02:23:28,586 - INFO - Putting tab 3F27 back (queue size: 0).
2026-08-26 02:23:28,586 - INFO - Waiting for all cleanups to finish.
2026-08-26 02:23:28,586 - INFO - Exiting Kaleido.
2026-08-26 02:23:28,586 - INFO - TemporaryDirectory.cleanup() worked.
2026-08-26 02:23:28,587 - INFO - shutil.rmtree worked.
2026-08-26 02:23:28,587 - INFO - Closing browser.
2026-08-26 02:23:28,589 - INFO - TemporaryDirectory.cleanup() worked.
2026-08-26 02:23:28,589 - INFO - shutil.rmtree worked.
2026-08-26 02:23:28,589 - INFO - Closing browser.
2026-08-26 02:23:28,589 - INFO - Cancelling tasks.
2026-08-26 02:23:28,589 - INFO - Exiting Kaleido/Choreo.
2026-08-26 02:23:28,711 - INFO - TemporaryDirectory.cleanup() worked.
2026-08-26 02:23:28,711 - INFO - shutil.rmtree worked.
2026-08-26 02:23:28,711 - INFO - Cancelling tasks.
2026-08-26 02:23:28,711 - INFO - Exiting Kaleido/Choreo.
2026-08-26 02:23:28,726 - INFO - TemporaryDirectory.cleanup() worked.
2026-08-26 02:23:28,726 - INFO - shutil.rmtree worked.
2026-08-27 10:52:15,623 - INFO - ScholarTracker initialized for author_query='None', author_id='test_id'
2026-08-27 10:52:15,623 - INFO - Free proxy support enabled
2026-08-27 10:52:15,624 - INFO - ScholarTracker initialized for author_query='John Doe', author_id='None'
2026-08-27 10:52:15,624 - INFO - Free proxy support enabled
2026-08-27 10:52:15,625 - INFO - ScholarTracker initialized for author_query='John Doe', author_id='test_id'
2026-08-27 10:52:15,625 - INFO - Free proxy support enabled
2026-08-27 10:52:15,627 - INFO - ScholarTracker initialized for author_query='None', author_id='test_id'
2026-08-27 10:52:15,627 - INFO - ScraperAPI is configured for proxy support
2026-08-27 10:52:15,627 - INFO - Free proxy support enabled
2026-08-27 10:52:15,628 - INFO - ScholarTracker initialized for author_query='None', author_id='test_id'
2026-08-27 10:52:15,628 - INFO - ScraperAPI is configured for proxy support
2026-08-27 10:52:15,628 - INFO - Free proxy support enabled
2026-08-27 10:52:15,629 - INFO - ScholarTracker initialized for author_query='None', author_id='test_id'
2026-08-27 10:52:15,629 - INFO - Free proxy support enabled
2026-08-27 10:52:15,630 - INFO - ScholarTracker initialized for author_query='None', author_id='test_id'
2026-08-27 10:52:15,630 - INFO - Free proxy support enabled
2026-08-27 10:52:15,630 - INFO - Validating collected stats...
2026-08-27 10:52:15,630 - INFO - Stats validation passed
2026-08-27 10:52:15,631 - INFO - ScholarTracker initialized for author_query='None', author_id='test_id'
2026-08-27 10:52:15,631 - INFO - Free proxy support enabled
2026-08-27 10:52:15,631 - INFO - Validating collected stats...
2026-08-27 10:52:15,631 - ERROR - Invalid total_citations: -10
2026-08-27 10:52:15,632 - INFO - ScholarTracker initialized for author_query='None', author_id='test_id'
2026-08-27 10:52:15,632 - INFO - Free proxy support enabled
2026-08-27 10:52:15,633 - INFO - Validating collected stats...
2026-08-27 10:52:15,633 - ERROR - Inconsistent stats: 500 citations but h_index=0
2026-08-27 10:52:15,633 - INFO - ScholarTracker initialized for author_query='None', author_id='test_id'
2026-08-27 10:52:15,634 - INFO - Free proxy support enabled
2026-08-27 10:52:15,634 - INFO - Validating collected stats...
2026-08-27 10:52:15,634 - ERROR - No papers found in stats
2026-08-27 10:52:15,635 - INFO - ScholarTracker initialized for author_query='None', author_id='test_id'
2026-08-27 10:52:15,635 - INFO - Free proxy support enabled
2026-08-27 10:52:15,635 - INFO - Validating collected stats...
2026-08-27 10:52:15,635 - ERROR - h_index dropped from 5 to 0 - likely parsing error
2026-08-27 10:52:15,636 - INFO - ScholarTracker initialized for author_query='None', author_id='test_id'
2026-08-27 10:52:15,636 - INFO - Free proxy support enabled
2026-08-27 10:52:15,636 - INFO - Validating collected stats...
2026-08-27 10:52:15,636 - INFO - Stats validation passed
2026-08-27 10:52:15,637 - INFO - ScholarTracker initialized for author_query='None', author_id='test_id'
2026-08-27 10:52:15,637 - INFO - Free proxy support enabled
2026-08-27 10:52:15,638 - INFO - Calculating citation changes...
2026-08-27 10:52:15,638 - INFO - Found 2 papers with new citations.
2026-08-27 10:52:15,638 - INFO - ScholarTracker initialized for author_query='None', author_id='test_id'
2026-08-27 10:52:15,638 - INFO - Free proxy support enabled
2026-08-27 10:52:15,639 - INFO - Calculating citation changes...
2026-08-27 10:52:15,639 - INFO - No new citations found for any papers.
2026-08-27 10:52:15,640 - INFO - ScholarTracker initialized for author_query='None', author_id='test_id'
2026-08-27 10:52:15,640 - INFO - Free proxy support enabled
2026-08-27 10:52:15,641 - INFO - ScholarTracker initialized for author_query='None', author_id='test_id'
2026-08-27 10:52:15,641 - INFO - Free proxy support enabled
2026-08-27 10:52:15,641 - INFO - Calculating citation changes...
2026-08-27 10:52:15,641 - INFO - Found 1 papers with new citations.
2026-08-27 10:52:15,642 - INFO - ScholarTracker initialized for author_query='None', author_id='test_id'
2026-08-27 10:52:15,642 - INFO - ScraperAPI is configured for proxy support
2026-08-27 10:52:15,642 - INFO - Free proxy support enabled
2026-08-27 10:52:15,643 - INFO - Searching for author by ID: 'test_id' (attempt 1/1)
2026-08-27 10:52:15,643 - INFO - ScraperAPI key detected, using manual fetch path first
2026-08-27 10:52:15,643 - INFO - Found author: Test Author
2026-08-27 10:52:15,643 - INFO - Successfully collected stats for 1 papers.
2026-08-27 10:52:15,643 - INFO - Validating collected stats...
2026-08-27 10:52:15,643 - INFO - Stats validation passed
2026-08-27 10:52:15,644 - INFO - ScholarTracker initialized for author_query='None', author_id='test_id'
2026-08-27 10:52:15,644 - INFO - ScraperAPI is configured for proxy support
2026-08-27 10:52:15,644 - INFO - Free proxy support enabled
2026-08-27 10:52:15,645 - INFO - Searching for author by ID: 'test_id' (attempt 1/2)
2026-08-27 10:52:15,645 - INFO - ScraperAPI key detected, using manual fetch path first
2026-08-27 10:52:15,645 - ERROR - Data fetch error (attempt 1/2): manual fetch failed
2026-08-27 10:52:15,645 - INFO - Retrying in 0 seconds...
2026-08-27 10:52:15,645 - INFO - Searching for author by ID: 'test_id' (attempt 2/2)
2026-08-27 10:52:15,645 - INFO - ScraperAPI key detected, using manual fetch path first
2026-08-27 10:52:15,645 - ERROR - Data fetch error (attempt 2/2): manual fetch failed
2026-08-27 10:52:15,646 - ERROR - All retry attempts failed. Last error: manual fetch failed
2026-08-27 10:52:15,647 - INFO - ScholarTracker initialized for author_query='None', author_id='test_id'
2026-08-27 10:52:15,647 - INFO - ScraperAPI is configured for proxy support
2026-08-27 10:52:15,647 - INFO - Free proxy support enabled
2026-08-27 10:52:15,647 - INFO - Manually fetching data from: https://scholar.google.com/citations?hl=en&user=test_id&pagesize=100&view_op=list_works&sortby=pubdate
2026-08-27 10:52:15,647 - INFO - Attempting fetch via ScraperAPI...
2026-08-27 10:52:15,647 - INFO - ScraperAPI fetch successful
2026-08-27 10:52:15,649 - INFO - Successfully manually fetched data for Test Author: 100 citations, 1 papers
2026-08-27 10:52:15,650 - INFO - ScholarTracker initialized for author_query='None', author_id='test_id'
2026-08-27 10:52:15,650 - INFO - Free proxy support enabled
2026-08-27 10:52:15,650 - INFO - Starting history update...
2026-08-27 10:52:15,651 - INFO - No history file found. A new one will be created.
2026-08-27 10:52:15,651 - INFO - Validating collected stats...
2026-08-27 10:52:15,651 - INFO - Stats validation passed
2026-08-27 10:52:15,651 - INFO - Appended new history entry for 2024-01-02.
2026-08-27 10:52:15,651 - INFO - No previous stats to compare against.
2026-08-27 10:52:15,651 - INFO - History update complete.
2026-08-27 10:52:15,652 - INFO - ScholarTracker initialized for author_query='None', author_id='test_id'
2026-08-27 10:52:15,652 - INFO - Free proxy support enabled
2026-08-27 10:52:15,653 - INFO - Starting history update...
2026-08-27 10:52:15,653 - INFO - Loaded 2 history entries from /tmp/pytest-of-runner/pytest-0/test_update_history_replaces_s0/citation_history.json
2026-08-27 10:52:15,653 - INFO - Validating collected stats...
2026-08-27 10:52:15,653 - INFO - Stats validation passed
2026-08-27 10:52:15,654 - INFO - Refreshing existing entry for 2024-01-02.
2026-08-27 10:52:15,654 - INFO - Calculating citation changes...
2026-08-27 10:52:15,654 - INFO - Found 1 papers with new citations.
2026-08-27 10:52:15,654 - INFO - Saved daily changes to /tmp/pytest-of-runner/pytest-0/test_update_history_replaces_s0/daily_changes.json
2026-08-27 10:52:15,654 - INFO - History update complete.
2026-08-27 10:52:15,656 - INFO - ScholarTracker initialized for author_query='None', author_id='test_id'
2026-08-27 10:52:15,656 - INFO - Free proxy support enabled
2026-08-27 10:52:15,656 - INFO - Starting history update...
2026-08-27 10:52:15,656 - INFO - Loaded 1 history entries from /tmp/pytest-of-runner/pytest-0/test_update_history_records_ze0/citation_history.json
2026-08-27 10:52:15,656 - INFO - Validating collected stats...
2026-08-27 10:52:15,656 - INFO - Stats validation passed
2026-08-27 10:52:15,656 - INFO - Appended new history entry for 2024-01-02.
2026-08-27 10:52:15,657 - INFO - Calculating citation changes...
2026-08-27 10:52:15,657 - INFO - No new citations found for any papers.
2026-08-27 10:52:15,657 - INFO - Saved daily changes to /tmp/pytest-of-runner/pytest-0/test_update_history_records_ze0/daily_changes.json
2026-08-27 10:52:15,657 - INFO - History update complete.
2026-08-27 10:52:16,678 - INFO - ScholarTracker initialized for author_query='None', author_id='VtK5lwUAAAAJ'
2026-08-27 10:52:16,678 - INFO - ScholarTracker initialized for author_query='None', author_id='VtK5lwUAAAAJ'
2026-08-27 10:52:16,679 - INFO - ScraperAPI is configured for proxy support
2026-08-27 10:52:16,679 - INFO - ScraperAPI is configured for proxy support
2026-08-27 10:52:16,679 - INFO - Free proxy support enabled
2026-08-27 10:52:16,679 - INFO - Free proxy support enabled
2026-08-27 10:52:16,679 - INFO - Starting history update...
2026-08-27 10:52:16,679 - INFO - Starting history update...
2026-08-27 10:52:16,679 - INFO - Searching for author by ID: 'VtK5lwUAAAAJ' (attempt 1/5)
2026-08-27 10:52:16,679 - INFO - Searching for author by ID: 'VtK5lwUAAAAJ' (attempt 1/5)
2026-08-27 10:52:16,679 - INFO - ScraperAPI key detected, using manual fetch path first
2026-08-27 10:52:16,679 - INFO - ScraperAPI key detected, using manual fetch path first
2026-08-27 10:52:16,679 - INFO - Manually fetching data from: https://scholar.google.com/citations?hl=en&user=VtK5lwUAAAAJ&pagesize=100&view_op=list_works&sortby=pubdate
2026-08-27 10:52:16,679 - INFO - Manually fetching data from: https://scholar.google.com/citations?hl=en&user=VtK5lwUAAAAJ&pagesize=100&view_op=list_works&sortby=pubdate
2026-08-27 10:52:16,680 - INFO - Attempting fetch via ScraperAPI...
2026-08-27 10:52:16,680 - INFO - Attempting fetch via ScraperAPI...
2026-08-27 10:52:16,915 - WARNING - ScraperAPI failed: ScraperAPI returned status 401, trying direct request...
2026-08-27 10:52:16,915 - WARNING - ScraperAPI failed: ScraperAPI returned status 401, trying direct request...
2026-08-27 10:52:16,915 - INFO - Attempting fetch with automatic fallback (direct -> free proxy)...
2026-08-27 10:52:16,915 - INFO - Attempting fetch with automatic fallback (direct -> free proxy)...
2026-08-27 10:52:16,915 - INFO - Trying direct request first...
2026-08-27 10:52:16,915 - INFO - Trying direct request first...
2026-08-27 10:52:17,312 - INFO - Successfully manually fetched data for Xiang Liu: 1356 citations, 46 papers
2026-08-27 10:52:17,312 - INFO - Successfully manually fetched data for Xiang Liu: 1356 citations, 46 papers
2026-08-27 10:52:17,313 - INFO - Found author: Xiang Liu
2026-08-27 10:52:17,313 - INFO - Found author: Xiang Liu
2026-08-27 10:52:17,314 - INFO - Successfully collected stats for 46 papers.
2026-08-27 10:52:17,314 - INFO - Successfully collected stats for 46 papers.
2026-08-27 10:52:17,314 - INFO - Validating collected stats...
2026-08-27 10:52:17,314 - INFO - Validating collected stats...
2026-08-27 10:52:17,314 - INFO - Stats validation passed
2026-08-27 10:52:17,314 - INFO - Stats validation passed
2026-08-27 10:52:17,321 - INFO - Loaded 331 history entries from data/citation_history.json
2026-08-27 10:52:17,321 - INFO - Loaded 331 history entries from data/citation_history.json
2026-08-27 10:52:17,321 - INFO - Validating collected stats...
2026-08-27 10:52:17,321 - INFO - Validating collected stats...
2026-08-27 10:52:17,321 - INFO - Stats validation passed
2026-08-27 10:52:17,321 - INFO - Stats validation passed
2026-08-27 10:52:17,355 - INFO - Appended new history entry for 2026-08-27.
2026-08-27 10:52:17,355 - INFO - Appended new history entry for 2026-08-27.
2026-08-27 10:52:17,355 - INFO - Calculating citation changes...
2026-08-27 10:52:17,355 - INFO - Calculating citation changes...
2026-08-27 10:52:17,356 - INFO - No new citations found for any papers.
2026-08-27 10:52:17,356 - INFO - No new citations found for any papers.
2026-08-27 10:52:17,356 - INFO - Saved daily changes to data/daily_changes.json
2026-08-27 10:52:17,356 - INFO - Saved daily changes to data/daily_changes.json
2026-08-27 10:52:17,356 - INFO - History update complete.
2026-08-27 10:52:17,356 - INFO - History update complete.
2026-08-27 10:52:17,371 - INFO - Generating citation trends chart
2026-08-27 10:52:17,579 - INFO - Chromium init'ed with kwargs {}
2026-08-27 10:52:17,581 - INFO - Found chromium path: /usr/bin/google-chrome
2026-08-27 10:52:17,581 - INFO - Temp directory created: /tmp/tmpldy2zx6v.
2026-08-27 10:52:17,581 - INFO - Opening browser.
2026-08-27 10:52:17,582 - INFO - Temp directory created: /tmp/tmpyunv64aq.
2026-08-27 10:52:17,582 - INFO - Temporary directory at: /tmp/tmpyunv64aq
2026-08-27 10:52:24,285 - INFO - Conforming 1 to file:///tmp/tmpldy2zx6v/index.html
2026-08-27 10:52:26,078 - INFO - Getting tab from queue (has 1)
2026-08-27 10:52:26,079 - INFO - Got 5128
2026-08-27 10:52:26,221 - INFO - Reloading tab 5128 before return.
2026-08-27 10:52:26,323 - INFO - Putting tab 5128 back (queue size: 0).
2026-08-27 10:52:26,323 - INFO - Waiting for all cleanups to finish.
2026-08-27 10:52:26,324 - INFO - Exiting Kaleido.
2026-08-27 10:52:26,324 - INFO - TemporaryDirectory.cleanup() worked.
2026-08-27 10:52:26,324 - INFO - shutil.rmtree worked.
2026-08-27 10:52:26,324 - INFO - Closing browser.
2026-08-27 10:52:26,325 - INFO - TemporaryDirectory.cleanup() worked.
2026-08-27 10:52:26,326 - INFO - shutil.rmtree worked.
2026-08-27 10:52:26,326 - INFO - Closing browser.
2026-08-27 10:52:26,326 - INFO - Cancelling tasks.
2026-08-27 10:52:26,326 - INFO - Exiting Kaleido/Choreo.
2026-08-27 10:52:26,496 - INFO - TemporaryDirectory.cleanup() worked.
2026-08-27 10:52:26,497 - INFO - shutil.rmtree worked.
2026-08-27 10:52:26,497 - INFO - Cancelling tasks.
2026-08-27 10:52:26,497 - INFO - Exiting Kaleido/Choreo.
2026-08-27 10:52:26,518 - INFO - Generating paper trends chart
2026-08-27 10:52:26,519 - INFO - TemporaryDirectory.cleanup() worked.
2026-08-27 10:52:26,520 - INFO - shutil.rmtree worked.
2026-08-27 10:52:26,576 - INFO - Chromium init'ed with kwargs {}
2026-08-27 10:52:26,576 - INFO - Found chromium path: /usr/bin/google-chrome
2026-08-27 10:52:26,576 - INFO - Temp directory created: /tmp/tmprz8il72c.
2026-08-27 10:52:26,577 - INFO - Opening browser.
2026-08-27 10:52:26,577 - INFO - Temp directory created: /tmp/tmpi3y59bhj.
2026-08-27 10:52:26,577 - INFO - Temporary directory at: /tmp/tmpi3y59bhj
2026-08-27 10:52:26,871 - INFO - Conforming 1 to file:///tmp/tmprz8il72c/index.html
2026-08-27 10:52:28,120 - INFO - Getting tab from queue (has 1)
2026-08-27 10:52:28,120 - INFO - Got D255
2026-08-27 10:52:28,481 - INFO - Reloading tab D255 before return.
2026-08-27 10:52:28,568 - INFO - Putting tab D255 back (queue size: 0).
2026-08-27 10:52:28,569 - INFO - Waiting for all cleanups to finish.
2026-08-27 10:52:28,569 - INFO - Exiting Kaleido.
2026-08-27 10:52:28,569 - INFO - TemporaryDirectory.cleanup() worked.
2026-08-27 10:52:28,569 - INFO - shutil.rmtree worked.
2026-08-27 10:52:28,569 - INFO - Closing browser.
2026-08-27 10:52:28,570 - INFO - TemporaryDirectory.cleanup() worked.
2026-08-27 10:52:28,571 - INFO - shutil.rmtree worked.
2026-08-27 10:52:28,571 - INFO - Closing browser.
2026-08-27 10:52:28,571 - INFO - Cancelling tasks.
2026-08-27 10:52:28,571 - INFO - Exiting Kaleido/Choreo.
2026-08-27 10:52:28,692 - INFO - TemporaryDirectory.cleanup() worked.
2026-08-27 10:52:28,692 - INFO - shutil.rmtree worked.
2026-08-27 10:52:28,693 - INFO - Cancelling tasks.
2026-08-27 10:52:28,693 - INFO - Exiting Kaleido/Choreo.
2026-08-27 10:52:28,708 - INFO - TemporaryDirectory.cleanup() worked.
2026-08-27 10:52:28,708 - INFO - shutil.rmtree worked.
2026-08-28 12:27:53,422 - INFO - ScholarTracker initialized for author_query='None', author_id='test_id'
2026-08-28 12:27:53,422 - INFO - Free proxy support enabled
2026-08-28 12:27:53,423 - INFO - ScholarTracker initialized for author_query='John Doe', author_id='None'
2026-08-28 12:27:53,424 - INFO - Free proxy support enabled
2026-08-28 12:27:53,425 - INFO - ScholarTracker initialized for author_query='John Doe', author_id='test_id'
2026-08-28 12:27:53,425 - INFO - Free proxy support enabled
2026-08-28 12:27:53,427 - INFO - ScholarTracker initialized for author_query='None', author_id='test_id'
2026-08-28 12:27:53,427 - INFO - ScraperAPI is configured for proxy support
2026-08-28 12:27:53,428 - INFO - Free proxy support enabled
2026-08-28 12:27:53,429 - INFO - ScholarTracker initialized for author_query='None', author_id='test_id'
2026-08-28 12:27:53,429 - INFO - ScraperAPI is configured for proxy support
2026-08-28 12:27:53,429 - INFO - Free proxy support enabled
2026-08-28 12:27:53,430 - INFO - ScholarTracker initialized for author_query='None', author_id='test_id'
2026-08-28 12:27:53,430 - INFO - Free proxy support enabled
2026-08-28 12:27:53,432 - INFO - ScholarTracker initialized for author_query='None', author_id='test_id'
2026-08-28 12:27:53,432 - INFO - Free proxy support enabled
2026-08-28 12:27:53,432 - INFO - Validating collected stats...
2026-08-28 12:27:53,432 - INFO - Stats validation passed
2026-08-28 12:27:53,433 - INFO - ScholarTracker initialized for author_query='None', author_id='test_id'
2026-08-28 12:27:53,433 - INFO - Free proxy support enabled
2026-08-28 12:27:53,433 - INFO - Validating collected stats...
2026-08-28 12:27:53,434 - ERROR - Invalid total_citations: -10
2026-08-28 12:27:53,434 - INFO - ScholarTracker initialized for author_query='None', author_id='test_id'
2026-08-28 12:27:53,434 - INFO - Free proxy support enabled
2026-08-28 12:27:53,435 - INFO - Validating collected stats...
2026-08-28 12:27:53,435 - ERROR - Inconsistent stats: 500 citations but h_index=0
2026-08-28 12:27:53,435 - INFO - ScholarTracker initialized for author_query='None', author_id='test_id'
2026-08-28 12:27:53,436 - INFO - Free proxy support enabled
2026-08-28 12:27:53,436 - INFO - Validating collected stats...
2026-08-28 12:27:53,436 - ERROR - No papers found in stats
2026-08-28 12:27:53,437 - INFO - ScholarTracker initialized for author_query='None', author_id='test_id'
2026-08-28 12:27:53,437 - INFO - Free proxy support enabled
2026-08-28 12:27:53,437 - INFO - Validating collected stats...
2026-08-28 12:27:53,437 - ERROR - h_index dropped from 5 to 0 - likely parsing error
2026-08-28 12:27:53,438 - INFO - ScholarTracker initialized for author_query='None', author_id='test_id'
2026-08-28 12:27:53,438 - INFO - Free proxy support enabled
2026-08-28 12:27:53,438 - INFO - Validating collected stats...
2026-08-28 12:27:53,438 - INFO - Stats validation passed
2026-08-28 12:27:53,439 - INFO - ScholarTracker initialized for author_query='None', author_id='test_id'
2026-08-28 12:27:53,439 - INFO - Free proxy support enabled
2026-08-28 12:27:53,439 - INFO - Calculating citation changes...
2026-08-28 12:27:53,440 - INFO - Found 2 papers with new citations.
2026-08-28 12:27:53,440 - INFO - ScholarTracker initialized for author_query='None', author_id='test_id'
2026-08-28 12:27:53,440 - INFO - Free proxy support enabled
2026-08-28 12:27:53,441 - INFO - Calculating citation changes...
2026-08-28 12:27:53,441 - INFO - No new citations found for any papers.
2026-08-28 12:27:53,442 - INFO - ScholarTracker initialized for author_query='None', author_id='test_id'
2026-08-28 12:27:53,442 - INFO - Free proxy support enabled
2026-08-28 12:27:53,443 - INFO - ScholarTracker initialized for author_query='None', author_id='test_id'
2026-08-28 12:27:53,443 - INFO - Free proxy support enabled
2026-08-28 12:27:53,443 - INFO - Calculating citation changes...
2026-08-28 12:27:53,443 - INFO - Found 1 papers with new citations.
2026-08-28 12:27:53,444 - INFO - ScholarTracker initialized for author_query='None', author_id='test_id'
2026-08-28 12:27:53,444 - INFO - ScraperAPI is configured for proxy support
2026-08-28 12:27:53,444 - INFO - Free proxy support enabled
2026-08-28 12:27:53,445 - INFO - Searching for author by ID: 'test_id' (attempt 1/1)
2026-08-28 12:27:53,445 - INFO - ScraperAPI key detected, using manual fetch path first
2026-08-28 12:27:53,445 - INFO - Found author: Test Author
2026-08-28 12:27:53,445 - INFO - Successfully collected stats for 1 papers.
2026-08-28 12:27:53,445 - INFO - Validating collected stats...
2026-08-28 12:27:53,445 - INFO - Stats validation passed
2026-08-28 12:27:53,446 - INFO - ScholarTracker initialized for author_query='None', author_id='test_id'
2026-08-28 12:27:53,446 - INFO - ScraperAPI is configured for proxy support
2026-08-28 12:27:53,446 - INFO - Free proxy support enabled
2026-08-28 12:27:53,447 - INFO - Searching for author by ID: 'test_id' (attempt 1/2)
2026-08-28 12:27:53,447 - INFO - ScraperAPI key detected, using manual fetch path first
2026-08-28 12:27:53,447 - ERROR - Data fetch error (attempt 1/2): manual fetch failed
2026-08-28 12:27:53,447 - INFO - Retrying in 0 seconds...
2026-08-28 12:27:53,447 - INFO - Searching for author by ID: 'test_id' (attempt 2/2)
2026-08-28 12:27:53,447 - INFO - ScraperAPI key detected, using manual fetch path first
2026-08-28 12:27:53,447 - ERROR - Data fetch error (attempt 2/2): manual fetch failed
2026-08-28 12:27:53,448 - ERROR - All retry attempts failed. Last error: manual fetch failed
2026-08-28 12:27:53,449 - INFO - ScholarTracker initialized for author_query='None', author_id='test_id'
2026-08-28 12:27:53,449 - INFO - ScraperAPI is configured for proxy support
2026-08-28 12:27:53,449 - INFO - Free proxy support enabled
2026-08-28 12:27:53,449 - INFO - Manually fetching data from: https://scholar.google.com/citations?hl=en&user=test_id&pagesize=100&view_op=list_works&sortby=pubdate
2026-08-28 12:27:53,449 - INFO - Attempting fetch via ScraperAPI...
2026-08-28 12:27:53,449 - INFO - ScraperAPI fetch successful
2026-08-28 12:27:53,451 - INFO - Successfully manually fetched data for Test Author: 100 citations, 1 papers
2026-08-28 12:27:53,452 - INFO - ScholarTracker initialized for author_query='None', author_id='test_id'
2026-08-28 12:27:53,452 - INFO - Free proxy support enabled
2026-08-28 12:27:53,452 - INFO - Starting history update...
2026-08-28 12:27:53,452 - INFO - No history file found. A new one will be created.
2026-08-28 12:27:53,453 - INFO - Validating collected stats...
2026-08-28 12:27:53,453 - INFO - Stats validation passed
2026-08-28 12:27:53,453 - INFO - Appended new history entry for 2024-01-02.
2026-08-28 12:27:53,453 - INFO - No previous stats to compare against.
2026-08-28 12:27:53,453 - INFO - History update complete.
2026-08-28 12:27:53,454 - INFO - ScholarTracker initialized for author_query='None', author_id='test_id'
2026-08-28 12:27:53,454 - INFO - Free proxy support enabled
2026-08-28 12:27:53,455 - INFO - Starting history update...
2026-08-28 12:27:53,455 - INFO - Loaded 2 history entries from /tmp/pytest-of-runner/pytest-0/test_update_history_replaces_s0/citation_history.json
2026-08-28 12:27:53,455 - INFO - Validating collected stats...
2026-08-28 12:27:53,455 - INFO - Stats validation passed
2026-08-28 12:27:53,455 - INFO - Refreshing existing entry for 2024-01-02.
2026-08-28 12:27:53,456 - INFO - Calculating citation changes...
2026-08-28 12:27:53,456 - INFO - Found 1 papers with new citations.
2026-08-28 12:27:53,456 - INFO - Saved daily changes to /tmp/pytest-of-runner/pytest-0/test_update_history_replaces_s0/daily_changes.json
2026-08-28 12:27:53,456 - INFO - History update complete.
2026-08-28 12:27:53,457 - INFO - ScholarTracker initialized for author_query='None', author_id='test_id'
2026-08-28 12:27:53,458 - INFO - Free proxy support enabled
2026-08-28 12:27:53,458 - INFO - Starting history update...
2026-08-28 12:27:53,458 - INFO - Loaded 1 history entries from /tmp/pytest-of-runner/pytest-0/test_update_history_records_ze0/citation_history.json
2026-08-28 12:27:53,458 - INFO - Validating collected stats...
2026-08-28 12:27:53,458 - INFO - Stats validation passed
2026-08-28 12:27:53,458 - INFO - Appended new history entry for 2024-01-02.
2026-08-28 12:27:53,458 - INFO - Calculating citation changes...
2026-08-28 12:27:53,459 - INFO - No new citations found for any papers.
2026-08-28 12:27:53,459 - INFO - Saved daily changes to /tmp/pytest-of-runner/pytest-0/test_update_history_records_ze0/daily_changes.json
2026-08-28 12:27:53,459 - INFO - History update complete.
2026-08-28 12:27:54,518 - INFO - ScholarTracker initialized for author_query='None', author_id='VtK5lwUAAAAJ'
2026-08-28 12:27:54,518 - INFO - ScholarTracker initialized for author_query='None', author_id='VtK5lwUAAAAJ'
2026-08-28 12:27:54,518 - INFO - ScraperAPI is configured for proxy support
2026-08-28 12:27:54,518 - INFO - ScraperAPI is configured for proxy support
2026-08-28 12:27:54,518 - INFO - Free proxy support enabled
2026-08-28 12:27:54,518 - INFO - Free proxy support enabled
2026-08-28 12:27:54,518 - INFO - Starting history update...
2026-08-28 12:27:54,518 - INFO - Starting history update...
2026-08-28 12:27:54,518 - INFO - Searching for author by ID: 'VtK5lwUAAAAJ' (attempt 1/5)
2026-08-28 12:27:54,518 - INFO - Searching for author by ID: 'VtK5lwUAAAAJ' (attempt 1/5)
2026-08-28 12:27:54,519 - INFO - ScraperAPI key detected, using manual fetch path first
2026-08-28 12:27:54,519 - INFO - ScraperAPI key detected, using manual fetch path first
2026-08-28 12:27:54,519 - INFO - Manually fetching data from: https://scholar.google.com/citations?hl=en&user=VtK5lwUAAAAJ&pagesize=100&view_op=list_works&sortby=pubdate
2026-08-28 12:27:54,519 - INFO - Manually fetching data from: https://scholar.google.com/citations?hl=en&user=VtK5lwUAAAAJ&pagesize=100&view_op=list_works&sortby=pubdate
2026-08-28 12:27:54,519 - INFO - Attempting fetch via ScraperAPI...
2026-08-28 12:27:54,519 - INFO - Attempting fetch via ScraperAPI...
2026-08-28 12:27:54,676 - WARNING - ScraperAPI failed: ScraperAPI returned status 401, trying direct request...
2026-08-28 12:27:54,676 - WARNING - ScraperAPI failed: ScraperAPI returned status 401, trying direct request...
2026-08-28 12:27:54,677 - INFO - Attempting fetch with automatic fallback (direct -> free proxy)...
2026-08-28 12:27:54,677 - INFO - Attempting fetch with automatic fallback (direct -> free proxy)...
2026-08-28 12:27:54,677 - INFO - Trying direct request first...
2026-08-28 12:27:54,677 - INFO - Trying direct request first...
2026-08-28 12:27:55,129 - WARNING - Direct request failed: 403 Client Error: Forbidden for url: https://scholar.google.com/citations?hl=en&user=VtK5lwUAAAAJ&pagesize=100&view_op=list_works&sortby=pubdate
2026-08-28 12:27:55,129 - WARNING - Direct request failed: 403 Client Error: Forbidden for url: https://scholar.google.com/citations?hl=en&user=VtK5lwUAAAAJ&pagesize=100&view_op=list_works&sortby=pubdate
2026-08-28 12:27:55,506 - INFO - Got free proxy: http://199.7.149.96:3128
2026-08-28 12:27:55,506 - INFO - Got free proxy: http://199.7.149.96:3128
2026-08-28 12:27:55,506 - INFO - Trying with free proxy: http://199.7.149.96:3128
2026-08-28 12:27:55,506 - INFO - Trying with free proxy: http://199.7.149.96:3128
2026-08-28 12:27:55,811 - INFO - Successfully manually fetched data for Xiang Liu: 1361 citations, 46 papers
2026-08-28 12:27:55,811 - INFO - Successfully manually fetched data for Xiang Liu: 1361 citations, 46 papers
2026-08-28 12:27:55,812 - INFO - Found author: Xiang Liu
2026-08-28 12:27:55,812 - INFO - Found author: Xiang Liu
2026-08-28 12:27:55,812 - INFO - Successfully collected stats for 46 papers.
2026-08-28 12:27:55,812 - INFO - Successfully collected stats for 46 papers.
2026-08-28 12:27:55,813 - INFO - Validating collected stats...
2026-08-28 12:27:55,813 - INFO - Validating collected stats...
2026-08-28 12:27:55,813 - INFO - Stats validation passed
2026-08-28 12:27:55,813 - INFO - Stats validation passed
2026-08-28 12:27:55,819 - INFO - Loaded 332 history entries from data/citation_history.json
2026-08-28 12:27:55,819 - INFO - Loaded 332 history entries from data/citation_history.json
2026-08-28 12:27:55,819 - INFO - Validating collected stats...
2026-08-28 12:27:55,819 - INFO - Validating collected stats...
2026-08-28 12:27:55,820 - INFO - Stats validation passed
2026-08-28 12:27:55,820 - INFO - Stats validation passed
2026-08-28 12:27:55,853 - INFO - Appended new history entry for 2026-08-28.
2026-08-28 12:27:55,853 - INFO - Appended new history entry for 2026-08-28.
2026-08-28 12:27:55,854 - INFO - Calculating citation changes...
2026-08-28 12:27:55,854 - INFO - Calculating citation changes...
2026-08-28 12:27:55,854 - INFO - Found 4 papers with new citations.
2026-08-28 12:27:55,854 - INFO - Found 4 papers with new citations.
2026-08-28 12:27:55,854 - INFO - Saved daily changes to data/daily_changes.json
2026-08-28 12:27:55,854 - INFO - Saved daily changes to data/daily_changes.json
2026-08-28 12:27:55,854 - INFO - History update complete.
2026-08-28 12:27:55,854 - INFO - History update complete.
2026-08-28 12:27:55,869 - INFO - Generating citation trends chart
2026-08-28 12:27:56,059 - INFO - Chromium init'ed with kwargs {}
2026-08-28 12:27:56,061 - INFO - Found chromium path: /usr/bin/google-chrome
2026-08-28 12:27:56,062 - INFO - Temp directory created: /tmp/tmprtii1eje.
2026-08-28 12:27:56,062 - INFO - Opening browser.
2026-08-28 12:27:56,062 - INFO - Temp directory created: /tmp/tmp71ocenjh.
2026-08-28 12:27:56,063 - INFO - Temporary directory at: /tmp/tmp71ocenjh
2026-08-28 12:27:57,030 - INFO - Conforming 1 to file:///tmp/tmprtii1eje/index.html
2026-08-28 12:27:58,343 - INFO - Getting tab from queue (has 1)
2026-08-28 12:27:58,343 - INFO - Got B95F
2026-08-28 12:27:58,443 - INFO - Reloading tab B95F before return.
2026-08-28 12:27:58,533 - INFO - Putting tab B95F back (queue size: 0).
2026-08-28 12:27:58,533 - INFO - Waiting for all cleanups to finish.
2026-08-28 12:27:58,534 - INFO - Exiting Kaleido.
2026-08-28 12:27:58,534 - INFO - TemporaryDirectory.cleanup() worked.
2026-08-28 12:27:58,534 - INFO - shutil.rmtree worked.
2026-08-28 12:27:58,534 - INFO - Closing browser.
2026-08-28 12:27:58,536 - INFO - TemporaryDirectory.cleanup() worked.
2026-08-28 12:27:58,537 - INFO - shutil.rmtree worked.
2026-08-28 12:27:58,537 - INFO - Closing browser.
2026-08-28 12:27:58,537 - INFO - Cancelling tasks.
2026-08-28 12:27:58,537 - INFO - Exiting Kaleido/Choreo.
2026-08-28 12:27:58,658 - INFO - TemporaryDirectory.cleanup() worked.
2026-08-28 12:27:58,658 - INFO - shutil.rmtree worked.
2026-08-28 12:27:58,658 - INFO - Cancelling tasks.
2026-08-28 12:27:58,658 - INFO - Exiting Kaleido/Choreo.
2026-08-28 12:27:58,680 - INFO - Generating paper trends chart
2026-08-28 12:27:58,681 - INFO - TemporaryDirectory.cleanup() worked.
2026-08-28 12:27:58,682 - INFO - shutil.rmtree worked.
2026-08-28 12:27:58,738 - INFO - Chromium init'ed with kwargs {}
2026-08-28 12:27:58,738 - INFO - Found chromium path: /usr/bin/google-chrome
2026-08-28 12:27:58,738 - INFO - Temp directory created: /tmp/tmpbtqy6t8o.
2026-08-28 12:27:58,739 - INFO - Opening browser.
2026-08-28 12:27:58,739 - INFO - Temp directory created: /tmp/tmpj158vv80.
2026-08-28 12:27:58,739 - INFO - Temporary directory at: /tmp/tmpj158vv80
2026-08-28 12:27:59,032 - INFO - Conforming 1 to file:///tmp/tmpbtqy6t8o/index.html
2026-08-28 12:28:00,309 - INFO - Getting tab from queue (has 1)
2026-08-28 12:28:00,309 - INFO - Got 5F09
2026-08-28 12:28:00,636 - INFO - Reloading tab 5F09 before return.
2026-08-28 12:28:00,721 - INFO - Putting tab 5F09 back (queue size: 0).
2026-08-28 12:28:00,722 - INFO - Waiting for all cleanups to finish.
2026-08-28 12:28:00,722 - INFO - Exiting Kaleido.
2026-08-28 12:28:00,722 - INFO - TemporaryDirectory.cleanup() worked.
2026-08-28 12:28:00,722 - INFO - shutil.rmtree worked.
2026-08-28 12:28:00,722 - INFO - Closing browser.
2026-08-28 12:28:00,725 - INFO - TemporaryDirectory.cleanup() worked.
2026-08-28 12:28:00,725 - INFO - shutil.rmtree worked.
2026-08-28 12:28:00,725 - INFO - Closing browser.
2026-08-28 12:28:00,725 - INFO - Cancelling tasks.
2026-08-28 12:28:00,725 - INFO - Exiting Kaleido/Choreo.
2026-08-28 12:28:00,845 - INFO - TemporaryDirectory.cleanup() worked.
2026-08-28 12:28:00,845 - INFO - shutil.rmtree worked.
2026-08-28 12:28:00,845 - INFO - Cancelling tasks.
2026-08-28 12:28:00,845 - INFO - Exiting Kaleido/Choreo.
2026-08-28 12:28:00,862 - INFO - TemporaryDirectory.cleanup() worked.
2026-08-28 12:28:00,862 - INFO - shutil.rmtree worked.
2026-08-29 07:37:44,203 - INFO - ScholarTracker initialized for author_query='None', author_id='test_id'
2026-08-29 07:37:44,203 - INFO - Free proxy support enabled
2026-08-29 07:37:44,204 - INFO - ScholarTracker initialized for author_query='John Doe', author_id='None'
2026-08-29 07:37:44,204 - INFO - Free proxy support enabled
2026-08-29 07:37:44,205 - INFO - ScholarTracker initialized for author_query='John Doe', author_id='test_id'
2026-08-29 07:37:44,205 - INFO - Free proxy support enabled
2026-08-29 07:37:44,206 - INFO - ScholarTracker initialized for author_query='None', author_id='test_id'
2026-08-29 07:37:44,207 - INFO - ScraperAPI is configured for proxy support
2026-08-29 07:37:44,207 - INFO - Free proxy support enabled
2026-08-29 07:37:44,208 - INFO - ScholarTracker initialized for author_query='None', author_id='test_id'
2026-08-29 07:37:44,208 - INFO - ScraperAPI is configured for proxy support
2026-08-29 07:37:44,208 - INFO - Free proxy support enabled
2026-08-29 07:37:44,209 - INFO - ScholarTracker initialized for author_query='None', author_id='test_id'
2026-08-29 07:37:44,209 - INFO - Free proxy support enabled
2026-08-29 07:37:44,209 - INFO - ScholarTracker initialized for author_query='None', author_id='test_id'
2026-08-29 07:37:44,209 - INFO - Free proxy support enabled
2026-08-29 07:37:44,210 - INFO - Validating collected stats...
2026-08-29 07:37:44,210 - INFO - Stats validation passed
2026-08-29 07:37:44,211 - INFO - ScholarTracker initialized for author_query='None', author_id='test_id'
2026-08-29 07:37:44,211 - INFO - Free proxy support enabled
2026-08-29 07:37:44,211 - INFO - Validating collected stats...
2026-08-29 07:37:44,211 - ERROR - Invalid total_citations: -10
2026-08-29 07:37:44,212 - INFO - ScholarTracker initialized for author_query='None', author_id='test_id'
2026-08-29 07:37:44,212 - INFO - Free proxy support enabled
2026-08-29 07:37:44,212 - INFO - Validating collected stats...
2026-08-29 07:37:44,212 - ERROR - Inconsistent stats: 500 citations but h_index=0
2026-08-29 07:37:44,213 - INFO - ScholarTracker initialized for author_query='None', author_id='test_id'
2026-08-29 07:37:44,213 - INFO - Free proxy support enabled
2026-08-29 07:37:44,213 - INFO - Validating collected stats...
2026-08-29 07:37:44,213 - ERROR - No papers found in stats
2026-08-29 07:37:44,214 - INFO - ScholarTracker initialized for author_query='None', author_id='test_id'
2026-08-29 07:37:44,214 - INFO - Free proxy support enabled
2026-08-29 07:37:44,215 - INFO - Validating collected stats...
2026-08-29 07:37:44,215 - ERROR - h_index dropped from 5 to 0 - likely parsing error
2026-08-29 07:37:44,215 - INFO - ScholarTracker initialized for author_query='None', author_id='test_id'
2026-08-29 07:37:44,216 - INFO - Free proxy support enabled
2026-08-29 07:37:44,216 - INFO - Validating collected stats...
2026-08-29 07:37:44,216 - INFO - Stats validation passed
2026-08-29 07:37:44,217 - INFO - ScholarTracker initialized for author_query='None', author_id='test_id'
2026-08-29 07:37:44,217 - INFO - Free proxy support enabled
2026-08-29 07:37:44,217 - INFO - Calculating citation changes...
2026-08-29 07:37:44,217 - INFO - Found 2 papers with new citations.
2026-08-29 07:37:44,218 - INFO - ScholarTracker initialized for author_query='None', author_id='test_id'
2026-08-29 07:37:44,218 - INFO - Free proxy support enabled
2026-08-29 07:37:44,219 - INFO - Calculating citation changes...
2026-08-29 07:37:44,219 - INFO - No new citations found for any papers.
2026-08-29 07:37:44,219 - INFO - ScholarTracker initialized for author_query='None', author_id='test_id'
2026-08-29 07:37:44,220 - INFO - Free proxy support enabled
2026-08-29 07:37:44,220 - INFO - ScholarTracker initialized for author_query='None', author_id='test_id'
2026-08-29 07:37:44,221 - INFO - Free proxy support enabled
2026-08-29 07:37:44,221 - INFO - Calculating citation changes...
2026-08-29 07:37:44,221 - INFO - Found 1 papers with new citations.
2026-08-29 07:37:44,222 - INFO - ScholarTracker initialized for author_query='None', author_id='test_id'
2026-08-29 07:37:44,222 - INFO - ScraperAPI is configured for proxy support
2026-08-29 07:37:44,222 - INFO - Free proxy support enabled
2026-08-29 07:37:44,223 - INFO - Searching for author by ID: 'test_id' (attempt 1/1)
2026-08-29 07:37:44,223 - INFO - ScraperAPI key detected, using manual fetch path first
2026-08-29 07:37:44,223 - INFO - Found author: Test Author
2026-08-29 07:37:44,223 - INFO - Successfully collected stats for 1 papers.
2026-08-29 07:37:44,223 - INFO - Validating collected stats...
2026-08-29 07:37:44,223 - INFO - Stats validation passed
2026-08-29 07:37:44,224 - INFO - ScholarTracker initialized for author_query='None', author_id='test_id'
2026-08-29 07:37:44,224 - INFO - ScraperAPI is configured for proxy support
2026-08-29 07:37:44,225 - INFO - Free proxy support enabled
2026-08-29 07:37:44,225 - INFO - Searching for author by ID: 'test_id' (attempt 1/2)
2026-08-29 07:37:44,225 - INFO - ScraperAPI key detected, using manual fetch path first
2026-08-29 07:37:44,225 - ERROR - Data fetch error (attempt 1/2): manual fetch failed
2026-08-29 07:37:44,225 - INFO - Retrying in 0 seconds...
2026-08-29 07:37:44,226 - INFO - Searching for author by ID: 'test_id' (attempt 2/2)
2026-08-29 07:37:44,226 - INFO - ScraperAPI key detected, using manual fetch path first
2026-08-29 07:37:44,226 - ERROR - Data fetch error (attempt 2/2): manual fetch failed
2026-08-29 07:37:44,226 - ERROR - All retry attempts failed. Last error: manual fetch failed
2026-08-29 07:37:44,227 - INFO - ScholarTracker initialized for author_query='None', author_id='test_id'
2026-08-29 07:37:44,227 - INFO - ScraperAPI is configured for proxy support
2026-08-29 07:37:44,227 - INFO - Free proxy support enabled
2026-08-29 07:37:44,228 - INFO - Manually fetching data from: https://scholar.google.com/citations?hl=en&user=test_id&pagesize=100&view_op=list_works&sortby=pubdate
2026-08-29 07:37:44,228 - INFO - Attempting fetch via ScraperAPI...
2026-08-29 07:37:44,228 - INFO - ScraperAPI fetch successful
2026-08-29 07:37:44,230 - INFO - Successfully manually fetched data for Test Author: 100 citations, 1 papers
2026-08-29 07:37:44,231 - INFO - ScholarTracker initialized for author_query='None', author_id='test_id'
2026-08-29 07:37:44,231 - INFO - Free proxy support enabled
2026-08-29 07:37:44,232 - INFO - Starting history update...
2026-08-29 07:37:44,232 - INFO - No history file found. A new one will be created.
2026-08-29 07:37:44,232 - INFO - Validating collected stats...
2026-08-29 07:37:44,232 - INFO - Stats validation passed
2026-08-29 07:37:44,232 - INFO - Appended new history entry for 2024-01-02.
2026-08-29 07:37:44,232 - INFO - No previous stats to compare against.
2026-08-29 07:37:44,233 - INFO - History update complete.
2026-08-29 07:37:44,234 - INFO - ScholarTracker initialized for author_query='None', author_id='test_id'
2026-08-29 07:37:44,234 - INFO - Free proxy support enabled
2026-08-29 07:37:44,235 - INFO - Starting history update...
2026-08-29 07:37:44,235 - INFO - Loaded 2 history entries from /tmp/pytest-of-runner/pytest-0/test_update_history_replaces_s0/citation_history.json
2026-08-29 07:37:44,235 - INFO - Validating collected stats...
2026-08-29 07:37:44,235 - INFO - Stats validation passed
2026-08-29 07:37:44,235 - INFO - Refreshing existing entry for 2024-01-02.
2026-08-29 07:37:44,236 - INFO - Calculating citation changes...
2026-08-29 07:37:44,236 - INFO - Found 1 papers with new citations.
2026-08-29 07:37:44,236 - INFO - Saved daily changes to /tmp/pytest-of-runner/pytest-0/test_update_history_replaces_s0/daily_changes.json
2026-08-29 07:37:44,236 - INFO - History update complete.
2026-08-29 07:37:44,238 - INFO - ScholarTracker initialized for author_query='None', author_id='test_id'
2026-08-29 07:37:44,238 - INFO - Free proxy support enabled
2026-08-29 07:37:44,238 - INFO - Starting history update...
2026-08-29 07:37:44,238 - INFO - Loaded 1 history entries from /tmp/pytest-of-runner/pytest-0/test_update_history_records_ze0/citation_history.json
2026-08-29 07:37:44,238 - INFO - Validating collected stats...
2026-08-29 07:37:44,238 - INFO - Stats validation passed
2026-08-29 07:37:44,239 - INFO - Appended new history entry for 2024-01-02.
2026-08-29 07:37:44,239 - INFO - Calculating citation changes...
2026-08-29 07:37:44,239 - INFO - No new citations found for any papers.
2026-08-29 07:37:44,239 - INFO - Saved daily changes to /tmp/pytest-of-runner/pytest-0/test_update_history_records_ze0/daily_changes.json
2026-08-29 07:37:44,239 - INFO - History update complete.
2026-08-29 07:37:45,328 - INFO - ScholarTracker initialized for author_query='None', author_id='VtK5lwUAAAAJ'
2026-08-29 07:37:45,328 - INFO - ScholarTracker initialized for author_query='None', author_id='VtK5lwUAAAAJ'
2026-08-29 07:37:45,328 - INFO - ScraperAPI is configured for proxy support
2026-08-29 07:37:45,328 - INFO - ScraperAPI is configured for proxy support
2026-08-29 07:37:45,328 - INFO - Free proxy support enabled
2026-08-29 07:37:45,328 - INFO - Free proxy support enabled
2026-08-29 07:37:45,328 - INFO - Starting history update...
2026-08-29 07:37:45,328 - INFO - Starting history update...
2026-08-29 07:37:45,328 - INFO - Searching for author by ID: 'VtK5lwUAAAAJ' (attempt 1/5)
2026-08-29 07:37:45,328 - INFO - Searching for author by ID: 'VtK5lwUAAAAJ' (attempt 1/5)
2026-08-29 07:37:45,328 - INFO - ScraperAPI key detected, using manual fetch path first
2026-08-29 07:37:45,328 - INFO - ScraperAPI key detected, using manual fetch path first
2026-08-29 07:37:45,329 - INFO - Manually fetching data from: https://scholar.google.com/citations?hl=en&user=VtK5lwUAAAAJ&pagesize=100&view_op=list_works&sortby=pubdate
2026-08-29 07:37:45,329 - INFO - Manually fetching data from: https://scholar.google.com/citations?hl=en&user=VtK5lwUAAAAJ&pagesize=100&view_op=list_works&sortby=pubdate
2026-08-29 07:37:45,329 - INFO - Attempting fetch via ScraperAPI...
2026-08-29 07:37:45,329 - INFO - Attempting fetch via ScraperAPI...
2026-08-29 07:37:45,563 - WARNING - ScraperAPI failed: ScraperAPI returned status 401, trying direct request...
2026-08-29 07:37:45,563 - WARNING - ScraperAPI failed: ScraperAPI returned status 401, trying direct request...
2026-08-29 07:37:45,563 - INFO - Attempting fetch with automatic fallback (direct -> free proxy)...
2026-08-29 07:37:45,563 - INFO - Attempting fetch with automatic fallback (direct -> free proxy)...
2026-08-29 07:37:45,563 - INFO - Trying direct request first...
2026-08-29 07:37:45,563 - INFO - Trying direct request first...
2026-08-29 07:37:46,061 - WARNING - Direct request failed: 403 Client Error: Forbidden for url: https://scholar.google.com/citations?hl=en&user=VtK5lwUAAAAJ&pagesize=100&view_op=list_works&sortby=pubdate
2026-08-29 07:37:46,061 - WARNING - Direct request failed: 403 Client Error: Forbidden for url: https://scholar.google.com/citations?hl=en&user=VtK5lwUAAAAJ&pagesize=100&view_op=list_works&sortby=pubdate
2026-08-29 07:37:47,282 - INFO - Got free proxy: http://130.61.112.125:443
2026-08-29 07:37:47,282 - INFO - Got free proxy: http://130.61.112.125:443
2026-08-29 07:37:47,282 - INFO - Trying with free proxy: http://130.61.112.125:443
2026-08-29 07:37:47,282 - INFO - Trying with free proxy: http://130.61.112.125:443
2026-08-29 07:37:53,400 - INFO - Successfully manually fetched data for Xiang Liu: 1362 citations, 46 papers
2026-08-29 07:37:53,400 - INFO - Successfully manually fetched data for Xiang Liu: 1362 citations, 46 papers
2026-08-29 07:37:53,401 - INFO - Found author: Xiang Liu
2026-08-29 07:37:53,401 - INFO - Found author: Xiang Liu
2026-08-29 07:37:53,401 - INFO - Successfully collected stats for 46 papers.
2026-08-29 07:37:53,401 - INFO - Successfully collected stats for 46 papers.
2026-08-29 07:37:53,401 - INFO - Validating collected stats...
2026-08-29 07:37:53,401 - INFO - Validating collected stats...
2026-08-29 07:37:53,401 - INFO - Stats validation passed
2026-08-29 07:37:53,401 - INFO - Stats validation passed
2026-08-29 07:37:53,408 - INFO - Loaded 333 history entries from data/citation_history.json
2026-08-29 07:37:53,408 - INFO - Loaded 333 history entries from data/citation_history.json
2026-08-29 07:37:53,408 - INFO - Validating collected stats...
2026-08-29 07:37:53,408 - INFO - Validating collected stats...
2026-08-29 07:37:53,409 - INFO - Stats validation passed
2026-08-29 07:37:53,409 - INFO - Stats validation passed
2026-08-29 07:37:53,443 - INFO - Appended new history entry for 2026-08-29.
2026-08-29 07:37:53,443 - INFO - Appended new history entry for 2026-08-29.
2026-08-29 07:37:53,444 - INFO - Calculating citation changes...
2026-08-29 07:37:53,444 - INFO - Calculating citation changes...
2026-08-29 07:37:53,444 - INFO - Found 1 papers with new citations.
2026-08-29 07:37:53,444 - INFO - Found 1 papers with new citations.
2026-08-29 07:37:53,444 - INFO - Saved daily changes to data/daily_changes.json
2026-08-29 07:37:53,444 - INFO - Saved daily changes to data/daily_changes.json
2026-08-29 07:37:53,444 - INFO - History update complete.
2026-08-29 07:37:53,444 - INFO - History update complete.
2026-08-29 07:37:53,460 - INFO - Generating citation trends chart
2026-08-29 07:37:53,662 - INFO - Chromium init'ed with kwargs {}
2026-08-29 07:37:53,664 - INFO - Found chromium path: /usr/bin/google-chrome
2026-08-29 07:37:53,664 - INFO - Temp directory created: /tmp/tmpd10qakze.
2026-08-29 07:37:53,665 - INFO - Opening browser.
2026-08-29 07:37:53,665 - INFO - Temp directory created: /tmp/tmpjnpr7c5m.
2026-08-29 07:37:53,665 - INFO - Temporary directory at: /tmp/tmpjnpr7c5m
2026-08-29 07:38:03,655 - INFO - Conforming 1 to file:///tmp/tmpd10qakze/index.html
2026-08-29 07:38:05,626 - INFO - Getting tab from queue (has 1)
2026-08-29 07:38:05,626 - INFO - Got 86D4
2026-08-29 07:38:05,828 - INFO - Reloading tab 86D4 before return.
2026-08-29 07:38:05,932 - INFO - Putting tab 86D4 back (queue size: 0).
2026-08-29 07:38:05,932 - INFO - Waiting for all cleanups to finish.
2026-08-29 07:38:05,933 - INFO - Exiting Kaleido.
2026-08-29 07:38:05,933 - INFO - TemporaryDirectory.cleanup() worked.
2026-08-29 07:38:05,933 - INFO - shutil.rmtree worked.
2026-08-29 07:38:05,933 - INFO - Closing browser.
2026-08-29 07:38:05,934 - INFO - TemporaryDirectory.cleanup() worked.
2026-08-29 07:38:05,935 - INFO - shutil.rmtree worked.
2026-08-29 07:38:05,935 - INFO - Closing browser.
2026-08-29 07:38:05,935 - INFO - Cancelling tasks.
2026-08-29 07:38:05,935 - INFO - Exiting Kaleido/Choreo.
2026-08-29 07:38:06,158 - INFO - TemporaryDirectory.cleanup() worked.
2026-08-29 07:38:06,158 - INFO - shutil.rmtree worked.
2026-08-29 07:38:06,158 - INFO - Cancelling tasks.
2026-08-29 07:38:06,158 - INFO - Exiting Kaleido/Choreo.
2026-08-29 07:38:06,180 - INFO - Generating paper trends chart
2026-08-29 07:38:06,182 - INFO - TemporaryDirectory.cleanup() worked.
2026-08-29 07:38:06,182 - INFO - shutil.rmtree worked.
2026-08-29 07:38:06,238 - INFO - Chromium init'ed with kwargs {}
2026-08-29 07:38:06,239 - INFO - Found chromium path: /usr/bin/google-chrome
2026-08-29 07:38:06,239 - INFO - Temp directory created: /tmp/tmp2s6eix5r.
2026-08-29 07:38:06,240 - INFO - Opening browser.
2026-08-29 07:38:06,240 - INFO - Temp directory created: /tmp/tmpg_4ud37v.
2026-08-29 07:38:06,240 - INFO - Temporary directory at: /tmp/tmpg_4ud37v
2026-08-29 07:38:06,537 - INFO - Conforming 1 to file:///tmp/tmp2s6eix5r/index.html
2026-08-29 07:38:07,851 - INFO - Getting tab from queue (has 1)
2026-08-29 07:38:07,851 - INFO - Got 09C5
2026-08-29 07:38:08,301 - INFO - Reloading tab 09C5 before return.
2026-08-29 07:38:08,393 - INFO - Putting tab 09C5 back (queue size: 0).
2026-08-29 07:38:08,393 - INFO - Waiting for all cleanups to finish.
2026-08-29 07:38:08,394 - INFO - Exiting Kaleido.
2026-08-29 07:38:08,394 - INFO - TemporaryDirectory.cleanup() worked.
2026-08-29 07:38:08,394 - INFO - shutil.rmtree worked.
2026-08-29 07:38:08,394 - INFO - Closing browser.
2026-08-29 07:38:08,396 - INFO - TemporaryDirectory.cleanup() worked.
2026-08-29 07:38:08,396 - INFO - shutil.rmtree worked.
2026-08-29 07:38:08,396 - INFO - Closing browser.
2026-08-29 07:38:08,396 - INFO - Cancelling tasks.
2026-08-29 07:38:08,396 - INFO - Exiting Kaleido/Choreo.
2026-08-29 07:38:08,515 - INFO - TemporaryDirectory.cleanup() worked.
2026-08-29 07:38:08,516 - INFO - shutil.rmtree worked.
2026-08-29 07:38:08,516 - INFO - Cancelling tasks.
2026-08-29 07:38:08,516 - INFO - Exiting Kaleido/Choreo.
2026-08-29 07:38:08,531 - INFO - TemporaryDirectory.cleanup() worked.
2026-08-29 07:38:08,532 - INFO - shutil.rmtree worked.
2026-08-30 06:10:57,515 - INFO - ScholarTracker initialized for author_query='None', author_id='test_id'
2026-08-30 06:10:57,515 - INFO - Free proxy support enabled
2026-08-30 06:10:57,516 - INFO - ScholarTracker initialized for author_query='John Doe', author_id='None'
2026-08-30 06:10:57,516 - INFO - Free proxy support enabled
2026-08-30 06:10:57,517 - INFO - ScholarTracker initialized for author_query='John Doe', author_id='test_id'
2026-08-30 06:10:57,517 - INFO - Free proxy support enabled
2026-08-30 06:10:57,519 - INFO - ScholarTracker initialized for author_query='None', author_id='test_id'
2026-08-30 06:10:57,519 - INFO - ScraperAPI is configured for proxy support
2026-08-30 06:10:57,519 - INFO - Free proxy support enabled
2026-08-30 06:10:57,520 - INFO - ScholarTracker initialized for author_query='None', author_id='test_id'
2026-08-30 06:10:57,520 - INFO - ScraperAPI is configured for proxy support
2026-08-30 06:10:57,520 - INFO - Free proxy support enabled
2026-08-30 06:10:57,521 - INFO - ScholarTracker initialized for author_query='None', author_id='test_id'
2026-08-30 06:10:57,521 - INFO - Free proxy support enabled
2026-08-30 06:10:57,522 - INFO - ScholarTracker initialized for author_query='None', author_id='test_id'
2026-08-30 06:10:57,522 - INFO - Free proxy support enabled
2026-08-30 06:10:57,522 - INFO - Validating collected stats...
2026-08-30 06:10:57,522 - INFO - Stats validation passed
2026-08-30 06:10:57,523 - INFO - ScholarTracker initialized for author_query='None', author_id='test_id'
2026-08-30 06:10:57,523 - INFO - Free proxy support enabled
2026-08-30 06:10:57,523 - INFO - Validating collected stats...
2026-08-30 06:10:57,523 - ERROR - Invalid total_citations: -10
2026-08-30 06:10:57,524 - INFO - ScholarTracker initialized for author_query='None', author_id='test_id'
2026-08-30 06:10:57,524 - INFO - Free proxy support enabled
2026-08-30 06:10:57,524 - INFO - Validating collected stats...
2026-08-30 06:10:57,524 - ERROR - Inconsistent stats: 500 citations but h_index=0
2026-08-30 06:10:57,525 - INFO - ScholarTracker initialized for author_query='None', author_id='test_id'
2026-08-30 06:10:57,525 - INFO - Free proxy support enabled
2026-08-30 06:10:57,525 - INFO - Validating collected stats...
2026-08-30 06:10:57,525 - ERROR - No papers found in stats
2026-08-30 06:10:57,526 - INFO - ScholarTracker initialized for author_query='None', author_id='test_id'
2026-08-30 06:10:57,526 - INFO - Free proxy support enabled
2026-08-30 06:10:57,526 - INFO - Validating collected stats...
2026-08-30 06:10:57,526 - ERROR - h_index dropped from 5 to 0 - likely parsing error
2026-08-30 06:10:57,527 - INFO - ScholarTracker initialized for author_query='None', author_id='test_id'
2026-08-30 06:10:57,527 - INFO - Free proxy support enabled
2026-08-30 06:10:57,527 - INFO - Validating collected stats...
2026-08-30 06:10:57,528 - INFO - Stats validation passed
2026-08-30 06:10:57,528 - INFO - ScholarTracker initialized for author_query='None', author_id='test_id'
2026-08-30 06:10:57,529 - INFO - Free proxy support enabled
2026-08-30 06:10:57,529 - INFO - Calculating citation changes...
2026-08-30 06:10:57,529 - INFO - Found 2 papers with new citations.
2026-08-30 06:10:57,529 - INFO - ScholarTracker initialized for author_query='None', author_id='test_id'
2026-08-30 06:10:57,530 - INFO - Free proxy support enabled
2026-08-30 06:10:57,530 - INFO - Calculating citation changes...
2026-08-30 06:10:57,530 - INFO - No new citations found for any papers.
2026-08-30 06:10:57,531 - INFO - ScholarTracker initialized for author_query='None', author_id='test_id'
2026-08-30 06:10:57,531 - INFO - Free proxy support enabled
2026-08-30 06:10:57,531 - INFO - ScholarTracker initialized for author_query='None', author_id='test_id'
2026-08-30 06:10:57,532 - INFO - Free proxy support enabled
2026-08-30 06:10:57,532 - INFO - Calculating citation changes...
2026-08-30 06:10:57,532 - INFO - Found 1 papers with new citations.
2026-08-30 06:10:57,533 - INFO - ScholarTracker initialized for author_query='None', author_id='test_id'
2026-08-30 06:10:57,533 - INFO - ScraperAPI is configured for proxy support
2026-08-30 06:10:57,533 - INFO - Free proxy support enabled
2026-08-30 06:10:57,534 - INFO - Searching for author by ID: 'test_id' (attempt 1/1)
2026-08-30 06:10:57,534 - INFO - ScraperAPI key detected, using manual fetch path first
2026-08-30 06:10:57,534 - INFO - Found author: Test Author
2026-08-30 06:10:57,534 - INFO - Successfully collected stats for 1 papers.
2026-08-30 06:10:57,534 - INFO - Validating collected stats...
2026-08-30 06:10:57,534 - INFO - Stats validation passed
2026-08-30 06:10:57,535 - INFO - ScholarTracker initialized for author_query='None', author_id='test_id'
2026-08-30 06:10:57,535 - INFO - ScraperAPI is configured for proxy support
2026-08-30 06:10:57,535 - INFO - Free proxy support enabled
2026-08-30 06:10:57,536 - INFO - Searching for author by ID: 'test_id' (attempt 1/2)
2026-08-30 06:10:57,536 - INFO - ScraperAPI key detected, using manual fetch path first
2026-08-30 06:10:57,536 - ERROR - Data fetch error (attempt 1/2): manual fetch failed
2026-08-30 06:10:57,536 - INFO - Retrying in 0 seconds...
2026-08-30 06:10:57,536 - INFO - Searching for author by ID: 'test_id' (attempt 2/2)
2026-08-30 06:10:57,536 - INFO - ScraperAPI key detected, using manual fetch path first
2026-08-30 06:10:57,536 - ERROR - Data fetch error (attempt 2/2): manual fetch failed
2026-08-30 06:10:57,536 - ERROR - All retry attempts failed. Last error: manual fetch failed
2026-08-30 06:10:57,537 - INFO - ScholarTracker initialized for author_query='None', author_id='test_id'
2026-08-30 06:10:57,537 - INFO - ScraperAPI is configured for proxy support
2026-08-30 06:10:57,538 - INFO - Free proxy support enabled
2026-08-30 06:10:57,538 - INFO - Manually fetching data from: https://scholar.google.com/citations?hl=en&user=test_id&pagesize=100&view_op=list_works&sortby=pubdate
2026-08-30 06:10:57,538 - INFO - Attempting fetch via ScraperAPI...
2026-08-30 06:10:57,538 - INFO - ScraperAPI fetch successful
2026-08-30 06:10:57,539 - INFO - Successfully manually fetched data for Test Author: 100 citations, 1 papers
2026-08-30 06:10:57,541 - INFO - ScholarTracker initialized for author_query='None', author_id='test_id'
2026-08-30 06:10:57,541 - INFO - Free proxy support enabled
2026-08-30 06:10:57,541 - INFO - Starting history update...
2026-08-30 06:10:57,541 - INFO - No history file found. A new one will be created.
2026-08-30 06:10:57,541 - INFO - Validating collected stats...
2026-08-30 06:10:57,541 - INFO - Stats validation passed
2026-08-30 06:10:57,542 - INFO - Appended new history entry for 2024-01-02.
2026-08-30 06:10:57,542 - INFO - No previous stats to compare against.
2026-08-30 06:10:57,542 - INFO - History update complete.
2026-08-30 06:10:57,543 - INFO - ScholarTracker initialized for author_query='None', author_id='test_id'
2026-08-30 06:10:57,543 - INFO - Free proxy support enabled
2026-08-30 06:10:57,544 - INFO - Starting history update...
2026-08-30 06:10:57,544 - INFO - Loaded 2 history entries from /tmp/pytest-of-runner/pytest-0/test_update_history_replaces_s0/citation_history.json
2026-08-30 06:10:57,544 - INFO - Validating collected stats...
2026-08-30 06:10:57,544 - INFO - Stats validation passed
2026-08-30 06:10:57,544 - INFO - Refreshing existing entry for 2024-01-02.
2026-08-30 06:10:57,544 - INFO - Calculating citation changes...
2026-08-30 06:10:57,544 - INFO - Found 1 papers with new citations.
2026-08-30 06:10:57,545 - INFO - Saved daily changes to /tmp/pytest-of-runner/pytest-0/test_update_history_replaces_s0/daily_changes.json
2026-08-30 06:10:57,545 - INFO - History update complete.
2026-08-30 06:10:57,546 - INFO - ScholarTracker initialized for author_query='None', author_id='test_id'
2026-08-30 06:10:57,546 - INFO - Free proxy support enabled
2026-08-30 06:10:57,546 - INFO - Starting history update...
2026-08-30 06:10:57,547 - INFO - Loaded 1 history entries from /tmp/pytest-of-runner/pytest-0/test_update_history_records_ze0/citation_history.json
2026-08-30 06:10:57,547 - INFO - Validating collected stats...
2026-08-30 06:10:57,547 - INFO - Stats validation passed
2026-08-30 06:10:57,547 - INFO - Appended new history entry for 2024-01-02.
2026-08-30 06:10:57,547 - INFO - Calculating citation changes...
2026-08-30 06:10:57,547 - INFO - No new citations found for any papers.
2026-08-30 06:10:57,547 - INFO - Saved daily changes to /tmp/pytest-of-runner/pytest-0/test_update_history_records_ze0/daily_changes.json
2026-08-30 06:10:57,547 - INFO - History update complete.
2026-08-30 06:10:58,715 - INFO - ScholarTracker initialized for author_query='None', author_id='VtK5lwUAAAAJ'
2026-08-30 06:10:58,715 - INFO - ScholarTracker initialized for author_query='None', author_id='VtK5lwUAAAAJ'
2026-08-30 06:10:58,715 - INFO - ScraperAPI is configured for proxy support
2026-08-30 06:10:58,715 - INFO - ScraperAPI is configured for proxy support
2026-08-30 06:10:58,715 - INFO - Free proxy support enabled
2026-08-30 06:10:58,715 - INFO - Free proxy support enabled
2026-08-30 06:10:58,715 - INFO - Starting history update...
2026-08-30 06:10:58,715 - INFO - Starting history update...
2026-08-30 06:10:58,715 - INFO - Searching for author by ID: 'VtK5lwUAAAAJ' (attempt 1/5)
2026-08-30 06:10:58,715 - INFO - Searching for author by ID: 'VtK5lwUAAAAJ' (attempt 1/5)
2026-08-30 06:10:58,715 - INFO - ScraperAPI key detected, using manual fetch path first
2026-08-30 06:10:58,715 - INFO - ScraperAPI key detected, using manual fetch path first
2026-08-30 06:10:58,716 - INFO - Manually fetching data from: https://scholar.google.com/citations?hl=en&user=VtK5lwUAAAAJ&pagesize=100&view_op=list_works&sortby=pubdate
2026-08-30 06:10:58,716 - INFO - Manually fetching data from: https://scholar.google.com/citations?hl=en&user=VtK5lwUAAAAJ&pagesize=100&view_op=list_works&sortby=pubdate
2026-08-30 06:10:58,716 - INFO - Attempting fetch via ScraperAPI...
2026-08-30 06:10:58,716 - INFO - Attempting fetch via ScraperAPI...
2026-08-30 06:10:58,861 - WARNING - ScraperAPI failed: ScraperAPI returned status 401, trying direct request...
2026-08-30 06:10:58,861 - WARNING - ScraperAPI failed: ScraperAPI returned status 401, trying direct request...
2026-08-30 06:10:58,861 - INFO - Attempting fetch with automatic fallback (direct -> free proxy)...
2026-08-30 06:10:58,861 - INFO - Attempting fetch with automatic fallback (direct -> free proxy)...
2026-08-30 06:10:58,861 - INFO - Trying direct request first...
2026-08-30 06:10:58,861 - INFO - Trying direct request first...
2026-08-30 06:10:59,007 - INFO - Successfully manually fetched data for Xiang Liu: 1362 citations, 46 papers
2026-08-30 06:10:59,007 - INFO - Successfully manually fetched data for Xiang Liu: 1362 citations, 46 papers
2026-08-30 06:10:59,008 - INFO - Found author: Xiang Liu
2026-08-30 06:10:59,008 - INFO - Found author: Xiang Liu
2026-08-30 06:10:59,009 - INFO - Successfully collected stats for 46 papers.
2026-08-30 06:10:59,009 - INFO - Successfully collected stats for 46 papers.
2026-08-30 06:10:59,009 - INFO - Validating collected stats...
2026-08-30 06:10:59,009 - INFO - Validating collected stats...
2026-08-30 06:10:59,009 - INFO - Stats validation passed
2026-08-30 06:10:59,009 - INFO - Stats validation passed
2026-08-30 06:10:59,016 - INFO - Loaded 334 history entries from data/citation_history.json
2026-08-30 06:10:59,016 - INFO - Loaded 334 history entries from data/citation_history.json
2026-08-30 06:10:59,016 - INFO - Validating collected stats...
2026-08-30 06:10:59,016 - INFO - Validating collected stats...
2026-08-30 06:10:59,016 - INFO - Stats validation passed
2026-08-30 06:10:59,016 - INFO - Stats validation passed
2026-08-30 06:10:59,051 - INFO - Appended new history entry for 2026-08-30.
2026-08-30 06:10:59,051 - INFO - Appended new history entry for 2026-08-30.
2026-08-30 06:10:59,051 - INFO - Calculating citation changes...
2026-08-30 06:10:59,051 - INFO - Calculating citation changes...
2026-08-30 06:10:59,052 - INFO - No new citations found for any papers.
2026-08-30 06:10:59,052 - INFO - No new citations found for any papers.
2026-08-30 06:10:59,052 - INFO - Saved daily changes to data/daily_changes.json
2026-08-30 06:10:59,052 - INFO - Saved daily changes to data/daily_changes.json
2026-08-30 06:10:59,052 - INFO - History update complete.
2026-08-30 06:10:59,052 - INFO - History update complete.
2026-08-30 06:10:59,067 - INFO - Generating citation trends chart
2026-08-30 06:10:59,275 - INFO - Chromium init'ed with kwargs {}
2026-08-30 06:10:59,277 - INFO - Found chromium path: /usr/bin/google-chrome
2026-08-30 06:10:59,277 - INFO - Temp directory created: /tmp/tmplbr9uvtz.
2026-08-30 06:10:59,278 - INFO - Opening browser.
2026-08-30 06:10:59,278 - INFO - Temp directory created: /tmp/tmp6y1lorlk.
2026-08-30 06:10:59,278 - INFO - Temporary directory at: /tmp/tmp6y1lorlk
2026-08-30 06:11:00,210 - INFO - Conforming 1 to file:///tmp/tmplbr9uvtz/index.html
2026-08-30 06:11:01,642 - INFO - Getting tab from queue (has 1)
2026-08-30 06:11:01,642 - INFO - Got 9952
2026-08-30 06:11:01,755 - INFO - Reloading tab 9952 before return.
2026-08-30 06:11:01,849 - INFO - Putting tab 9952 back (queue size: 0).
2026-08-30 06:11:01,849 - INFO - Waiting for all cleanups to finish.
2026-08-30 06:11:01,850 - INFO - Exiting Kaleido.
2026-08-30 06:11:01,850 - INFO - TemporaryDirectory.cleanup() worked.
2026-08-30 06:11:01,850 - INFO - shutil.rmtree worked.
2026-08-30 06:11:01,850 - INFO - Closing browser.
2026-08-30 06:11:01,851 - INFO - TemporaryDirectory.cleanup() worked.
2026-08-30 06:11:01,851 - INFO - shutil.rmtree worked.
2026-08-30 06:11:01,851 - INFO - Closing browser.
2026-08-30 06:11:01,852 - INFO - Cancelling tasks.
2026-08-30 06:11:01,852 - INFO - Exiting Kaleido/Choreo.
2026-08-30 06:11:01,974 - INFO - TemporaryDirectory.cleanup() worked.
2026-08-30 06:11:01,974 - INFO - shutil.rmtree worked.
2026-08-30 06:11:01,975 - INFO - Cancelling tasks.
2026-08-30 06:11:01,975 - INFO - Exiting Kaleido/Choreo.
2026-08-30 06:11:01,998 - INFO - Generating paper trends chart
2026-08-30 06:11:02,052 - INFO - Chromium init'ed with kwargs {}
2026-08-30 06:11:02,053 - INFO - Found chromium path: /usr/bin/google-chrome
2026-08-30 06:11:02,053 - INFO - Temp directory created: /tmp/tmpl2771154.
2026-08-30 06:11:02,054 - INFO - Opening browser.
2026-08-30 06:11:02,054 - INFO - Temp directory created: /tmp/tmp376efk6_.
2026-08-30 06:11:02,054 - INFO - Temporary directory at: /tmp/tmp376efk6_
2026-08-30 06:11:02,355 - INFO - Conforming 1 to file:///tmp/tmpl2771154/index.html
2026-08-30 06:11:03,696 - INFO - Getting tab from queue (has 1)
2026-08-30 06:11:03,696 - INFO - Got BA9F
2026-08-30 06:11:04,038 - INFO - Reloading tab BA9F before return.
2026-08-30 06:11:04,133 - INFO - Putting tab BA9F back (queue size: 0).
2026-08-30 06:11:04,133 - INFO - Waiting for all cleanups to finish.
2026-08-30 06:11:04,133 - INFO - Exiting Kaleido.
2026-08-30 06:11:04,134 - INFO - TemporaryDirectory.cleanup() worked.
2026-08-30 06:11:04,134 - INFO - shutil.rmtree worked.
2026-08-30 06:11:04,134 - INFO - Closing browser.
2026-08-30 06:11:04,135 - INFO - TemporaryDirectory.cleanup() worked.
2026-08-30 06:11:04,135 - INFO - shutil.rmtree worked.
2026-08-30 06:11:04,135 - INFO - Closing browser.
2026-08-30 06:11:04,135 - INFO - Cancelling tasks.
2026-08-30 06:11:04,135 - INFO - Exiting Kaleido/Choreo.
2026-08-30 06:11:04,256 - INFO - TemporaryDirectory.cleanup() worked.
2026-08-30 06:11:04,257 - INFO - shutil.rmtree worked.
2026-08-30 06:11:04,257 - INFO - Cancelling tasks.
2026-08-30 06:11:04,257 - INFO - Exiting Kaleido/Choreo.
2026-08-30 06:11:04,275 - INFO - TemporaryDirectory.cleanup() worked.
2026-08-30 06:11:04,275 - INFO - shutil.rmtree worked.
2026-08-30 06:11:04,373 - INFO - TemporaryDirectory.cleanup() worked.
2026-08-30 06:11:04,373 - INFO - shutil.rmtree worked.
2026-08-31 06:36:17,012 - INFO - ScholarTracker initialized for author_query='None', author_id='test_id'
2026-08-31 06:36:17,012 - INFO - Free proxy support enabled
2026-08-31 06:36:17,013 - INFO - ScholarTracker initialized for author_query='John Doe', author_id='None'
2026-08-31 06:36:17,013 - INFO - Free proxy support enabled
2026-08-31 06:36:17,014 - INFO - ScholarTracker initialized for author_query='John Doe', author_id='test_id'
2026-08-31 06:36:17,014 - INFO - Free proxy support enabled
2026-08-31 06:36:17,016 - INFO - ScholarTracker initialized for author_query='None', author_id='test_id'
2026-08-31 06:36:17,016 - INFO - ScraperAPI is configured for proxy support
2026-08-31 06:36:17,016 - INFO - Free proxy support enabled
2026-08-31 06:36:17,017 - INFO - ScholarTracker initialized for author_query='None', author_id='test_id'
2026-08-31 06:36:17,017 - INFO - ScraperAPI is configured for proxy support
2026-08-31 06:36:17,017 - INFO - Free proxy support enabled
2026-08-31 06:36:17,018 - INFO - ScholarTracker initialized for author_query='None', author_id='test_id'
2026-08-31 06:36:17,018 - INFO - Free proxy support enabled
2026-08-31 06:36:17,019 - INFO - ScholarTracker initialized for author_query='None', author_id='test_id'
2026-08-31 06:36:17,019 - INFO - Free proxy support enabled
2026-08-31 06:36:17,019 - INFO - Validating collected stats...
2026-08-31 06:36:17,020 - INFO - Stats validation passed
2026-08-31 06:36:17,020 - INFO - ScholarTracker initialized for author_query='None', author_id='test_id'
2026-08-31 06:36:17,020 - INFO - Free proxy support enabled
2026-08-31 06:36:17,021 - INFO - Validating collected stats...
2026-08-31 06:36:17,021 - ERROR - Invalid total_citations: -10
2026-08-31 06:36:17,022 - INFO - ScholarTracker initialized for author_query='None', author_id='test_id'
2026-08-31 06:36:17,022 - INFO - Free proxy support enabled
2026-08-31 06:36:17,022 - INFO - Validating collected stats...
2026-08-31 06:36:17,022 - ERROR - Inconsistent stats: 500 citations but h_index=0
2026-08-31 06:36:17,023 - INFO - ScholarTracker initialized for author_query='None', author_id='test_id'
2026-08-31 06:36:17,023 - INFO - Free proxy support enabled
2026-08-31 06:36:17,023 - INFO - Validating collected stats...
2026-08-31 06:36:17,023 - ERROR - No papers found in stats
2026-08-31 06:36:17,024 - INFO - ScholarTracker initialized for author_query='None', author_id='test_id'
2026-08-31 06:36:17,024 - INFO - Free proxy support enabled
2026-08-31 06:36:17,024 - INFO - Validating collected stats...
2026-08-31 06:36:17,025 - ERROR - h_index dropped from 5 to 0 - likely parsing error
2026-08-31 06:36:17,025 - INFO - ScholarTracker initialized for author_query='None', author_id='test_id'
2026-08-31 06:36:17,025 - INFO - Free proxy support enabled
2026-08-31 06:36:17,026 - INFO - Validating collected stats...
2026-08-31 06:36:17,026 - INFO - Stats validation passed
2026-08-31 06:36:17,027 - INFO - ScholarTracker initialized for author_query='None', author_id='test_id'
2026-08-31 06:36:17,027 - INFO - Free proxy support enabled
2026-08-31 06:36:17,027 - INFO - Calculating citation changes...
2026-08-31 06:36:17,027 - INFO - Found 2 papers with new citations.
2026-08-31 06:36:17,028 - INFO - ScholarTracker initialized for author_query='None', author_id='test_id'
2026-08-31 06:36:17,028 - INFO - Free proxy support enabled
2026-08-31 06:36:17,028 - INFO - Calculating citation changes...
2026-08-31 06:36:17,028 - INFO - No new citations found for any papers.
2026-08-31 06:36:17,029 - INFO - ScholarTracker initialized for author_query='None', author_id='test_id'
2026-08-31 06:36:17,029 - INFO - Free proxy support enabled
2026-08-31 06:36:17,030 - INFO - ScholarTracker initialized for author_query='None', author_id='test_id'
2026-08-31 06:36:17,030 - INFO - Free proxy support enabled
2026-08-31 06:36:17,031 - INFO - Calculating citation changes...
2026-08-31 06:36:17,031 - INFO - Found 1 papers with new citations.
2026-08-31 06:36:17,032 - INFO - ScholarTracker initialized for author_query='None', author_id='test_id'
2026-08-31 06:36:17,032 - INFO - ScraperAPI is configured for proxy support
2026-08-31 06:36:17,032 - INFO - Free proxy support enabled
2026-08-31 06:36:17,033 - INFO - Searching for author by ID: 'test_id' (attempt 1/1)
2026-08-31 06:36:17,033 - INFO - ScraperAPI key detected, using manual fetch path first
2026-08-31 06:36:17,033 - INFO - Found author: Test Author
2026-08-31 06:36:17,033 - INFO - Successfully collected stats for 1 papers.
2026-08-31 06:36:17,033 - INFO - Validating collected stats...
2026-08-31 06:36:17,033 - INFO - Stats validation passed
2026-08-31 06:36:17,034 - INFO - ScholarTracker initialized for author_query='None', author_id='test_id'
2026-08-31 06:36:17,034 - INFO - ScraperAPI is configured for proxy support
2026-08-31 06:36:17,034 - INFO - Free proxy support enabled
2026-08-31 06:36:17,035 - INFO - Searching for author by ID: 'test_id' (attempt 1/2)
2026-08-31 06:36:17,035 - INFO - ScraperAPI key detected, using manual fetch path first
2026-08-31 06:36:17,035 - ERROR - Data fetch error (attempt 1/2): manual fetch failed
2026-08-31 06:36:17,035 - INFO - Retrying in 0 seconds...
2026-08-31 06:36:17,035 - INFO - Searching for author by ID: 'test_id' (attempt 2/2)
2026-08-31 06:36:17,035 - INFO - ScraperAPI key detected, using manual fetch path first
2026-08-31 06:36:17,035 - ERROR - Data fetch error (attempt 2/2): manual fetch failed
2026-08-31 06:36:17,035 - ERROR - All retry attempts failed. Last error: manual fetch failed
2026-08-31 06:36:17,037 - INFO - ScholarTracker initialized for author_query='None', author_id='test_id'
2026-08-31 06:36:17,037 - INFO - ScraperAPI is configured for proxy support
2026-08-31 06:36:17,037 - INFO - Free proxy support enabled
2026-08-31 06:36:17,037 - INFO - Manually fetching data from: https://scholar.google.com/citations?hl=en&user=test_id&pagesize=100&view_op=list_works&sortby=pubdate
2026-08-31 06:36:17,037 - INFO - Attempting fetch via ScraperAPI...
2026-08-31 06:36:17,037 - INFO - ScraperAPI fetch successful
2026-08-31 06:36:17,039 - INFO - Successfully manually fetched data for Test Author: 100 citations, 1 papers
2026-08-31 06:36:17,040 - INFO - ScholarTracker initialized for author_query='None', author_id='test_id'
2026-08-31 06:36:17,040 - INFO - Free proxy support enabled
2026-08-31 06:36:17,041 - INFO - Starting history update...
2026-08-31 06:36:17,041 - INFO - No history file found. A new one will be created.
2026-08-31 06:36:17,041 - INFO - Validating collected stats...
2026-08-31 06:36:17,041 - INFO - Stats validation passed
2026-08-31 06:36:17,041 - INFO - Appended new history entry for 2024-01-02.
2026-08-31 06:36:17,041 - INFO - No previous stats to compare against.
2026-08-31 06:36:17,041 - INFO - History update complete.
2026-08-31 06:36:17,043 - INFO - ScholarTracker initialized for author_query='None', author_id='test_id'
2026-08-31 06:36:17,043 - INFO - Free proxy support enabled
2026-08-31 06:36:17,043 - INFO - Starting history update...
2026-08-31 06:36:17,043 - INFO - Loaded 2 history entries from /tmp/pytest-of-runner/pytest-0/test_update_history_replaces_s0/citation_history.json
2026-08-31 06:36:17,043 - INFO - Validating collected stats...
2026-08-31 06:36:17,044 - INFO - Stats validation passed
2026-08-31 06:36:17,044 - INFO - Refreshing existing entry for 2024-01-02.
2026-08-31 06:36:17,044 - INFO - Calculating citation changes...
2026-08-31 06:36:17,044 - INFO - Found 1 papers with new citations.
2026-08-31 06:36:17,044 - INFO - Saved daily changes to /tmp/pytest-of-runner/pytest-0/test_update_history_replaces_s0/daily_changes.json
2026-08-31 06:36:17,044 - INFO - History update complete.
2026-08-31 06:36:17,046 - INFO - ScholarTracker initialized for author_query='None', author_id='test_id'
2026-08-31 06:36:17,046 - INFO - Free proxy support enabled
2026-08-31 06:36:17,046 - INFO - Starting history update...
2026-08-31 06:36:17,046 - INFO - Loaded 1 history entries from /tmp/pytest-of-runner/pytest-0/test_update_history_records_ze0/citation_history.json
2026-08-31 06:36:17,046 - INFO - Validating collected stats...
2026-08-31 06:36:17,046 - INFO - Stats validation passed
2026-08-31 06:36:17,047 - INFO - Appended new history entry for 2024-01-02.
2026-08-31 06:36:17,047 - INFO - Calculating citation changes...
2026-08-31 06:36:17,047 - INFO - No new citations found for any papers.
2026-08-31 06:36:17,047 - INFO - Saved daily changes to /tmp/pytest-of-runner/pytest-0/test_update_history_records_ze0/daily_changes.json
2026-08-31 06:36:17,047 - INFO - History update complete.
2026-08-31 06:36:18,126 - INFO - ScholarTracker initialized for author_query='None', author_id='VtK5lwUAAAAJ'
2026-08-31 06:36:18,126 - INFO - ScholarTracker initialized for author_query='None', author_id='VtK5lwUAAAAJ'
2026-08-31 06:36:18,126 - INFO - ScraperAPI is configured for proxy support
2026-08-31 06:36:18,126 - INFO - ScraperAPI is configured for proxy support
2026-08-31 06:36:18,126 - INFO - Free proxy support enabled
2026-08-31 06:36:18,126 - INFO - Free proxy support enabled
2026-08-31 06:36:18,126 - INFO - Starting history update...
2026-08-31 06:36:18,126 - INFO - Starting history update...
2026-08-31 06:36:18,126 - INFO - Searching for author by ID: 'VtK5lwUAAAAJ' (attempt 1/5)
2026-08-31 06:36:18,126 - INFO - Searching for author by ID: 'VtK5lwUAAAAJ' (attempt 1/5)
2026-08-31 06:36:18,127 - INFO - ScraperAPI key detected, using manual fetch path first
2026-08-31 06:36:18,127 - INFO - ScraperAPI key detected, using manual fetch path first
2026-08-31 06:36:18,127 - INFO - Manually fetching data from: https://scholar.google.com/citations?hl=en&user=VtK5lwUAAAAJ&pagesize=100&view_op=list_works&sortby=pubdate
2026-08-31 06:36:18,127 - INFO - Manually fetching data from: https://scholar.google.com/citations?hl=en&user=VtK5lwUAAAAJ&pagesize=100&view_op=list_works&sortby=pubdate
2026-08-31 06:36:18,127 - INFO - Attempting fetch via ScraperAPI...
2026-08-31 06:36:18,127 - INFO - Attempting fetch via ScraperAPI...
2026-08-31 06:36:18,356 - WARNING - ScraperAPI failed: ScraperAPI returned status 401, trying direct request...
2026-08-31 06:36:18,356 - WARNING - ScraperAPI failed: ScraperAPI returned status 401, trying direct request...
2026-08-31 06:36:18,357 - INFO - Attempting fetch with automatic fallback (direct -> free proxy)...
2026-08-31 06:36:18,357 - INFO - Attempting fetch with automatic fallback (direct -> free proxy)...
2026-08-31 06:36:18,357 - INFO - Trying direct request first...
2026-08-31 06:36:18,357 - INFO - Trying direct request first...
2026-08-31 06:36:18,686 - WARNING - Direct request failed: 403 Client Error: Forbidden for url: https://scholar.google.com/citations?hl=en&user=VtK5lwUAAAAJ&pagesize=100&view_op=list_works&sortby=pubdate
2026-08-31 06:36:18,686 - WARNING - Direct request failed: 403 Client Error: Forbidden for url: https://scholar.google.com/citations?hl=en&user=VtK5lwUAAAAJ&pagesize=100&view_op=list_works&sortby=pubdate
2026-08-31 06:36:32,254 - INFO - Got free proxy: http://103.237.102.191:11111
2026-08-31 06:36:32,254 - INFO - Got free proxy: http://103.237.102.191:11111
2026-08-31 06:36:32,254 - INFO - Trying with free proxy: http://103.237.102.191:11111
2026-08-31 06:36:32,254 - INFO - Trying with free proxy: http://103.237.102.191:11111
2026-08-31 06:36:33,980 - INFO - Successfully manually fetched data for Xiang Liu: 1367 citations, 46 papers
2026-08-31 06:36:33,980 - INFO - Successfully manually fetched data for Xiang Liu: 1367 citations, 46 papers
2026-08-31 06:36:33,981 - INFO - Found author: Xiang Liu
2026-08-31 06:36:33,981 - INFO - Found author: Xiang Liu
2026-08-31 06:36:33,982 - INFO - Successfully collected stats for 46 papers.
2026-08-31 06:36:33,982 - INFO - Successfully collected stats for 46 papers.
2026-08-31 06:36:33,982 - INFO - Validating collected stats...
2026-08-31 06:36:33,982 - INFO - Validating collected stats...
2026-08-31 06:36:33,982 - INFO - Stats validation passed
2026-08-31 06:36:33,982 - INFO - Stats validation passed
2026-08-31 06:36:33,989 - INFO - Loaded 335 history entries from data/citation_history.json
2026-08-31 06:36:33,989 - INFO - Loaded 335 history entries from data/citation_history.json
2026-08-31 06:36:33,989 - INFO - Validating collected stats...
2026-08-31 06:36:33,989 - INFO - Validating collected stats...
2026-08-31 06:36:33,989 - INFO - Stats validation passed
2026-08-31 06:36:33,989 - INFO - Stats validation passed
2026-08-31 06:36:34,024 - INFO - Appended new history entry for 2026-08-31.
2026-08-31 06:36:34,024 - INFO - Appended new history entry for 2026-08-31.
2026-08-31 06:36:34,025 - INFO - Calculating citation changes...
2026-08-31 06:36:34,025 - INFO - Calculating citation changes...
2026-08-31 06:36:34,025 - INFO - Found 4 papers with new citations.
2026-08-31 06:36:34,025 - INFO - Found 4 papers with new citations.
2026-08-31 06:36:34,025 - INFO - Saved daily changes to data/daily_changes.json
2026-08-31 06:36:34,025 - INFO - Saved daily changes to data/daily_changes.json
2026-08-31 06:36:34,025 - INFO - History update complete.
2026-08-31 06:36:34,025 - INFO - History update complete.
2026-08-31 06:36:34,040 - INFO - Generating citation trends chart
2026-08-31 06:36:34,233 - INFO - Chromium init'ed with kwargs {}
2026-08-31 06:36:34,235 - INFO - Found chromium path: /usr/bin/google-chrome
2026-08-31 06:36:34,235 - INFO - Temp directory created: /tmp/tmp3h1e_11h.
2026-08-31 06:36:34,235 - INFO - Opening browser.
2026-08-31 06:36:34,236 - INFO - Temp directory created: /tmp/tmpdnlmuq3u.
2026-08-31 06:36:34,236 - INFO - Temporary directory at: /tmp/tmpdnlmuq3u
2026-08-31 06:36:42,292 - INFO - Conforming 1 to file:///tmp/tmp3h1e_11h/index.html
2026-08-31 06:36:44,077 - INFO - Getting tab from queue (has 1)
2026-08-31 06:36:44,077 - INFO - Got B89C
2026-08-31 06:36:44,230 - INFO - Reloading tab B89C before return.
2026-08-31 06:36:44,330 - INFO - Putting tab B89C back (queue size: 0).
2026-08-31 06:36:44,331 - INFO - Waiting for all cleanups to finish.
2026-08-31 06:36:44,331 - INFO - Exiting Kaleido.
2026-08-31 06:36:44,331 - INFO - TemporaryDirectory.cleanup() worked.
2026-08-31 06:36:44,331 - INFO - shutil.rmtree worked.
2026-08-31 06:36:44,331 - INFO - Closing browser.
2026-08-31 06:36:44,333 - INFO - TemporaryDirectory.cleanup() worked.
2026-08-31 06:36:44,333 - INFO - shutil.rmtree worked.
2026-08-31 06:36:44,333 - INFO - Closing browser.
2026-08-31 06:36:44,333 - INFO - Cancelling tasks.
2026-08-31 06:36:44,333 - INFO - Exiting Kaleido/Choreo.
2026-08-31 06:36:44,503 - INFO - TemporaryDirectory.cleanup() worked.
2026-08-31 06:36:44,503 - INFO - shutil.rmtree worked.
2026-08-31 06:36:44,503 - INFO - Cancelling tasks.
2026-08-31 06:36:44,504 - INFO - Exiting Kaleido/Choreo.
2026-08-31 06:36:44,527 - INFO - Generating paper trends chart
2026-08-31 06:36:44,530 - INFO - TemporaryDirectory.cleanup() worked.
2026-08-31 06:36:44,531 - INFO - shutil.rmtree worked.
2026-08-31 06:36:44,586 - INFO - Chromium init'ed with kwargs {}
2026-08-31 06:36:44,586 - INFO - Found chromium path: /usr/bin/google-chrome
2026-08-31 06:36:44,587 - INFO - Temp directory created: /tmp/tmpkr4dhiy6.
2026-08-31 06:36:44,587 - INFO - Opening browser.
2026-08-31 06:36:44,587 - INFO - Temp directory created: /tmp/tmppclmt_fv.
2026-08-31 06:36:44,587 - INFO - Temporary directory at: /tmp/tmppclmt_fv
2026-08-31 06:36:44,867 - INFO - Conforming 1 to file:///tmp/tmpkr4dhiy6/index.html
2026-08-31 06:36:46,217 - INFO - Getting tab from queue (has 1)
2026-08-31 06:36:46,217 - INFO - Got F688
2026-08-31 06:36:46,642 - INFO - Reloading tab F688 before return.
2026-08-31 06:36:46,734 - INFO - Putting tab F688 back (queue size: 0).
2026-08-31 06:36:46,735 - INFO - Waiting for all cleanups to finish.
2026-08-31 06:36:46,735 - INFO - Exiting Kaleido.
2026-08-31 06:36:46,735 - INFO - TemporaryDirectory.cleanup() worked.
2026-08-31 06:36:46,735 - INFO - shutil.rmtree worked.
2026-08-31 06:36:46,735 - INFO - Closing browser.
2026-08-31 06:36:46,738 - INFO - TemporaryDirectory.cleanup() worked.
2026-08-31 06:36:46,738 - INFO - shutil.rmtree worked.
2026-08-31 06:36:46,738 - INFO - Closing browser.
2026-08-31 06:36:46,738 - INFO - Cancelling tasks.
2026-08-31 06:36:46,738 - INFO - Exiting Kaleido/Choreo.
2026-08-31 06:36:46,860 - INFO - TemporaryDirectory.cleanup() worked.
2026-08-31 06:36:46,861 - INFO - shutil.rmtree worked.
2026-08-31 06:36:46,861 - INFO - Cancelling tasks.
2026-08-31 06:36:46,861 - INFO - Exiting Kaleido/Choreo.
2026-08-31 06:36:46,875 - INFO - TemporaryDirectory.cleanup() worked.
2026-08-31 06:36:46,875 - INFO - shutil.rmtree worked.
2026-09-01 05:59:30,972 - INFO - ScholarTracker initialized for author_query='None', author_id='test_id'
2026-09-01 05:59:30,973 - INFO - Free proxy support enabled
2026-09-01 05:59:30,973 - INFO - ScholarTracker initialized for author_query='John Doe', author_id='None'
2026-09-01 05:59:30,974 - INFO - Free proxy support enabled
2026-09-01 05:59:30,974 - INFO - ScholarTracker initialized for author_query='John Doe', author_id='test_id'
2026-09-01 05:59:30,974 - INFO - Free proxy support enabled
2026-09-01 05:59:30,976 - INFO - ScholarTracker initialized for author_query='None', author_id='test_id'
2026-09-01 05:59:30,976 - INFO - ScraperAPI is configured for proxy support
2026-09-01 05:59:30,976 - INFO - Free proxy support enabled
2026-09-01 05:59:30,977 - INFO - ScholarTracker initialized for author_query='None', author_id='test_id'
2026-09-01 05:59:30,977 - INFO - ScraperAPI is configured for proxy support
2026-09-01 05:59:30,977 - INFO - Free proxy support enabled
2026-09-01 05:59:30,978 - INFO - ScholarTracker initialized for author_query='None', author_id='test_id'
2026-09-01 05:59:30,978 - INFO - Free proxy support enabled
2026-09-01 05:59:30,979 - INFO - ScholarTracker initialized for author_query='None', author_id='test_id'
2026-09-01 05:59:30,979 - INFO - Free proxy support enabled
2026-09-01 05:59:30,979 - INFO - Validating collected stats...
2026-09-01 05:59:30,979 - INFO - Stats validation passed
2026-09-01 05:59:30,980 - INFO - ScholarTracker initialized for author_query='None', author_id='test_id'
2026-09-01 05:59:30,980 - INFO - Free proxy support enabled
2026-09-01 05:59:30,980 - INFO - Validating collected stats...
2026-09-01 05:59:30,980 - ERROR - Invalid total_citations: -10
2026-09-01 05:59:30,981 - INFO - ScholarTracker initialized for author_query='None', author_id='test_id'
2026-09-01 05:59:30,981 - INFO - Free proxy support enabled
2026-09-01 05:59:30,981 - INFO - Validating collected stats...
2026-09-01 05:59:30,982 - ERROR - Inconsistent stats: 500 citations but h_index=0
2026-09-01 05:59:30,982 - INFO - ScholarTracker initialized for author_query='None', author_id='test_id'
2026-09-01 05:59:30,982 - INFO - Free proxy support enabled
2026-09-01 05:59:30,983 - INFO - Validating collected stats...
2026-09-01 05:59:30,983 - ERROR - No papers found in stats
2026-09-01 05:59:30,983 - INFO - ScholarTracker initialized for author_query='None', author_id='test_id'
2026-09-01 05:59:30,983 - INFO - Free proxy support enabled
2026-09-01 05:59:30,984 - INFO - Validating collected stats...
2026-09-01 05:59:30,984 - ERROR - h_index dropped from 5 to 0 - likely parsing error
2026-09-01 05:59:30,984 - INFO - ScholarTracker initialized for author_query='None', author_id='test_id'
2026-09-01 05:59:30,984 - INFO - Free proxy support enabled
2026-09-01 05:59:30,985 - INFO - Validating collected stats...
2026-09-01 05:59:30,985 - INFO - Stats validation passed
2026-09-01 05:59:30,986 - INFO - ScholarTracker initialized for author_query='None', author_id='test_id'
2026-09-01 05:59:30,986 - INFO - Free proxy support enabled
2026-09-01 05:59:30,986 - INFO - Calculating citation changes...
2026-09-01 05:59:30,986 - INFO - Found 2 papers with new citations.
2026-09-01 05:59:30,987 - INFO - ScholarTracker initialized for author_query='None', author_id='test_id'
2026-09-01 05:59:30,987 - INFO - Free proxy support enabled
2026-09-01 05:59:30,987 - INFO - Calculating citation changes...
2026-09-01 05:59:30,987 - INFO - No new citations found for any papers.
2026-09-01 05:59:30,988 - INFO - ScholarTracker initialized for author_query='None', author_id='test_id'
2026-09-01 05:59:30,988 - INFO - Free proxy support enabled
2026-09-01 05:59:30,989 - INFO - ScholarTracker initialized for author_query='None', author_id='test_id'
2026-09-01 05:59:30,989 - INFO - Free proxy support enabled
2026-09-01 05:59:30,989 - INFO - Calculating citation changes...
2026-09-01 05:59:30,989 - INFO - Found 1 papers with new citations.
2026-09-01 05:59:30,990 - INFO - ScholarTracker initialized for author_query='None', author_id='test_id'
2026-09-01 05:59:30,990 - INFO - ScraperAPI is configured for proxy support
2026-09-01 05:59:30,990 - INFO - Free proxy support enabled
2026-09-01 05:59:30,991 - INFO - Searching for author by ID: 'test_id' (attempt 1/1)
2026-09-01 05:59:30,991 - INFO - ScraperAPI key detected, using manual fetch path first
2026-09-01 05:59:30,991 - INFO - Found author: Test Author
2026-09-01 05:59:30,991 - INFO - Successfully collected stats for 1 papers.
2026-09-01 05:59:30,991 - INFO - Validating collected stats...
2026-09-01 05:59:30,991 - INFO - Stats validation passed
2026-09-01 05:59:30,992 - INFO - ScholarTracker initialized for author_query='None', author_id='test_id'
2026-09-01 05:59:30,992 - INFO - ScraperAPI is configured for proxy support
2026-09-01 05:59:30,992 - INFO - Free proxy support enabled
2026-09-01 05:59:30,993 - INFO - Searching for author by ID: 'test_id' (attempt 1/2)
2026-09-01 05:59:30,993 - INFO - ScraperAPI key detected, using manual fetch path first
2026-09-01 05:59:30,993 - ERROR - Data fetch error (attempt 1/2): manual fetch failed
2026-09-01 05:59:30,993 - INFO - Retrying in 0 seconds...
2026-09-01 05:59:30,993 - INFO - Searching for author by ID: 'test_id' (attempt 2/2)
2026-09-01 05:59:30,993 - INFO - ScraperAPI key detected, using manual fetch path first
2026-09-01 05:59:30,993 - ERROR - Data fetch error (attempt 2/2): manual fetch failed
2026-09-01 05:59:30,994 - ERROR - All retry attempts failed. Last error: manual fetch failed
2026-09-01 05:59:30,995 - INFO - ScholarTracker initialized for author_query='None', author_id='test_id'
2026-09-01 05:59:30,995 - INFO - ScraperAPI is configured for proxy support
2026-09-01 05:59:30,995 - INFO - Free proxy support enabled
2026-09-01 05:59:30,995 - INFO - Manually fetching data from: https://scholar.google.com/citations?hl=en&user=test_id&pagesize=100&view_op=list_works&sortby=pubdate
2026-09-01 05:59:30,995 - INFO - Attempting fetch via ScraperAPI...
2026-09-01 05:59:30,995 - INFO - ScraperAPI fetch successful
2026-09-01 05:59:30,997 - INFO - Successfully manually fetched data for Test Author: 100 citations, 1 papers
2026-09-01 05:59:30,998 - INFO - ScholarTracker initialized for author_query='None', author_id='test_id'
2026-09-01 05:59:30,998 - INFO - Free proxy support enabled
2026-09-01 05:59:30,999 - INFO - Starting history update...
2026-09-01 05:59:30,999 - INFO - No history file found. A new one will be created.
2026-09-01 05:59:30,999 - INFO - Validating collected stats...
2026-09-01 05:59:30,999 - INFO - Stats validation passed
2026-09-01 05:59:30,999 - INFO - Appended new history entry for 2024-01-02.
2026-09-01 05:59:30,999 - INFO - No previous stats to compare against.
2026-09-01 05:59:30,999 - INFO - History update complete.
2026-09-01 05:59:31,001 - INFO - ScholarTracker initialized for author_query='None', author_id='test_id'
2026-09-01 05:59:31,001 - INFO - Free proxy support enabled
2026-09-01 05:59:31,002 - INFO - Starting history update...
2026-09-01 05:59:31,002 - INFO - Loaded 2 history entries from /tmp/pytest-of-runner/pytest-0/test_update_history_replaces_s0/citation_history.json
2026-09-01 05:59:31,002 - INFO - Validating collected stats...
2026-09-01 05:59:31,002 - INFO - Stats validation passed
2026-09-01 05:59:31,002 - INFO - Refreshing existing entry for 2024-01-02.
2026-09-01 05:59:31,002 - INFO - Calculating citation changes...
2026-09-01 05:59:31,002 - INFO - Found 1 papers with new citations.
2026-09-01 05:59:31,002 - INFO - Saved daily changes to /tmp/pytest-of-runner/pytest-0/test_update_history_replaces_s0/daily_changes.json
2026-09-01 05:59:31,003 - INFO - History update complete.
2026-09-01 05:59:31,004 - INFO - ScholarTracker initialized for author_query='None', author_id='test_id'
2026-09-01 05:59:31,004 - INFO - Free proxy support enabled
2026-09-01 05:59:31,004 - INFO - Starting history update...
2026-09-01 05:59:31,005 - INFO - Loaded 1 history entries from /tmp/pytest-of-runner/pytest-0/test_update_history_records_ze0/citation_history.json
2026-09-01 05:59:31,005 - INFO - Validating collected stats...
2026-09-01 05:59:31,005 - INFO - Stats validation passed
2026-09-01 05:59:31,005 - INFO - Appended new history entry for 2024-01-02.
2026-09-01 05:59:31,005 - INFO - Calculating citation changes...
2026-09-01 05:59:31,005 - INFO - No new citations found for any papers.
2026-09-01 05:59:31,005 - INFO - Saved daily changes to /tmp/pytest-of-runner/pytest-0/test_update_history_records_ze0/daily_changes.json
2026-09-01 05:59:31,005 - INFO - History update complete.
2026-09-01 05:59:32,458 - INFO - ScholarTracker initialized for author_query='None', author_id='VtK5lwUAAAAJ'
2026-09-01 05:59:32,458 - INFO - ScholarTracker initialized for author_query='None', author_id='VtK5lwUAAAAJ'
2026-09-01 05:59:32,458 - INFO - ScraperAPI is configured for proxy support
2026-09-01 05:59:32,458 - INFO - ScraperAPI is configured for proxy support
2026-09-01 05:59:32,458 - INFO - Free proxy support enabled
2026-09-01 05:59:32,458 - INFO - Free proxy support enabled
2026-09-01 05:59:32,458 - INFO - Starting history update...
2026-09-01 05:59:32,458 - INFO - Starting history update...
2026-09-01 05:59:32,459 - INFO - Searching for author by ID: 'VtK5lwUAAAAJ' (attempt 1/5)
2026-09-01 05:59:32,459 - INFO - Searching for author by ID: 'VtK5lwUAAAAJ' (attempt 1/5)
2026-09-01 05:59:32,459 - INFO - ScraperAPI key detected, using manual fetch path first
2026-09-01 05:59:32,459 - INFO - ScraperAPI key detected, using manual fetch path first
2026-09-01 05:59:32,459 - INFO - Manually fetching data from: https://scholar.google.com/citations?hl=en&user=VtK5lwUAAAAJ&pagesize=100&view_op=list_works&sortby=pubdate
2026-09-01 05:59:32,459 - INFO - Manually fetching data from: https://scholar.google.com/citations?hl=en&user=VtK5lwUAAAAJ&pagesize=100&view_op=list_works&sortby=pubdate
2026-09-01 05:59:32,459 - INFO - Attempting fetch via ScraperAPI...
2026-09-01 05:59:32,459 - INFO - Attempting fetch via ScraperAPI...
2026-09-01 05:59:32,547 - WARNING - ScraperAPI failed: ScraperAPI returned status 401, trying direct request...
2026-09-01 05:59:32,547 - WARNING - ScraperAPI failed: ScraperAPI returned status 401, trying direct request...
2026-09-01 05:59:32,548 - INFO - Attempting fetch with automatic fallback (direct -> free proxy)...
2026-09-01 05:59:32,548 - INFO - Attempting fetch with automatic fallback (direct -> free proxy)...
2026-09-01 05:59:32,548 - INFO - Trying direct request first...
2026-09-01 05:59:32,548 - INFO - Trying direct request first...
2026-09-01 05:59:32,781 - INFO - Successfully manually fetched data for Xiang Liu: 1371 citations, 46 papers
2026-09-01 05:59:32,781 - INFO - Successfully manually fetched data for Xiang Liu: 1371 citations, 46 papers
2026-09-01 05:59:32,784 - INFO - Found author: Xiang Liu
2026-09-01 05:59:32,784 - INFO - Found author: Xiang Liu
2026-09-01 05:59:32,784 - INFO - Successfully collected stats for 46 papers.
2026-09-01 05:59:32,784 - INFO - Successfully collected stats for 46 papers.
2026-09-01 05:59:32,785 - INFO - Validating collected stats...
2026-09-01 05:59:32,785 - INFO - Validating collected stats...
2026-09-01 05:59:32,785 - INFO - Stats validation passed
2026-09-01 05:59:32,785 - INFO - Stats validation passed
2026-09-01 05:59:32,792 - INFO - Loaded 336 history entries from data/citation_history.json
2026-09-01 05:59:32,792 - INFO - Loaded 336 history entries from data/citation_history.json
2026-09-01 05:59:32,793 - INFO - Validating collected stats...
2026-09-01 05:59:32,793 - INFO - Validating collected stats...
2026-09-01 05:59:32,793 - INFO - Stats validation passed
2026-09-01 05:59:32,793 - INFO - Stats validation passed
2026-09-01 05:59:32,836 - INFO - Appended new history entry for 2026-09-01.
2026-09-01 05:59:32,836 - INFO - Appended new history entry for 2026-09-01.
2026-09-01 05:59:32,836 - INFO - Calculating citation changes...
2026-09-01 05:59:32,836 - INFO - Calculating citation changes...
2026-09-01 05:59:32,836 - INFO - Found 4 papers with new citations.
2026-09-01 05:59:32,836 - INFO - Found 4 papers with new citations.
2026-09-01 05:59:32,836 - INFO - Saved daily changes to data/daily_changes.json
2026-09-01 05:59:32,836 - INFO - Saved daily changes to data/daily_changes.json
2026-09-01 05:59:32,837 - INFO - History update complete.
2026-09-01 05:59:32,837 - INFO - History update complete.
2026-09-01 05:59:32,853 - INFO - Generating citation trends chart
2026-09-01 05:59:33,089 - INFO - Chromium init'ed with kwargs {}
2026-09-01 05:59:33,091 - INFO - Found chromium path: /usr/bin/google-chrome
2026-09-01 05:59:33,091 - INFO - Temp directory created: /tmp/tmpsbmtc2qq.
2026-09-01 05:59:33,092 - INFO - Opening browser.
2026-09-01 05:59:33,092 - INFO - Temp directory created: /tmp/tmpfd4l60ax.
2026-09-01 05:59:33,092 - INFO - Temporary directory at: /tmp/tmpfd4l60ax
2026-09-01 05:59:41,221 - INFO - Conforming 1 to file:///tmp/tmpsbmtc2qq/index.html
2026-09-01 05:59:43,089 - INFO - Getting tab from queue (has 1)
2026-09-01 05:59:43,090 - INFO - Got 8A97
2026-09-01 05:59:43,246 - INFO - Reloading tab 8A97 before return.
2026-09-01 05:59:43,391 - INFO - Putting tab 8A97 back (queue size: 0).
2026-09-01 05:59:43,392 - INFO - Waiting for all cleanups to finish.
2026-09-01 05:59:43,392 - INFO - Exiting Kaleido.
2026-09-01 05:59:43,392 - INFO - TemporaryDirectory.cleanup() worked.
2026-09-01 05:59:43,392 - INFO - shutil.rmtree worked.
2026-09-01 05:59:43,392 - INFO - Closing browser.
2026-09-01 05:59:43,395 - INFO - TemporaryDirectory.cleanup() worked.
2026-09-01 05:59:43,395 - INFO - shutil.rmtree worked.
2026-09-01 05:59:43,395 - INFO - Closing browser.
2026-09-01 05:59:43,395 - INFO - Cancelling tasks.
2026-09-01 05:59:43,395 - INFO - Exiting Kaleido/Choreo.
2026-09-01 05:59:43,566 - INFO - TemporaryDirectory.cleanup() worked.
2026-09-01 05:59:43,566 - INFO - shutil.rmtree worked.
2026-09-01 05:59:43,566 - INFO - Cancelling tasks.
2026-09-01 05:59:43,567 - INFO - Exiting Kaleido/Choreo.
2026-09-01 05:59:43,593 - INFO - Generating paper trends chart
2026-09-01 05:59:43,654 - INFO - Chromium init'ed with kwargs {}
2026-09-01 05:59:43,655 - INFO - Found chromium path: /usr/bin/google-chrome
2026-09-01 05:59:43,655 - INFO - Temp directory created: /tmp/tmpr7hnwsxp.
2026-09-01 05:59:43,655 - INFO - Opening browser.
2026-09-01 05:59:43,656 - INFO - Temp directory created: /tmp/tmpl549oedn.
2026-09-01 05:59:43,656 - INFO - Temporary directory at: /tmp/tmpl549oedn
2026-09-01 05:59:43,984 - INFO - Conforming 1 to file:///tmp/tmpr7hnwsxp/index.html
2026-09-01 05:59:45,615 - INFO - Getting tab from queue (has 1)
2026-09-01 05:59:45,615 - INFO - Got 646D
2026-09-01 05:59:46,082 - INFO - Reloading tab 646D before return.
2026-09-01 05:59:46,212 - INFO - Putting tab 646D back (queue size: 0).
2026-09-01 05:59:46,213 - INFO - Waiting for all cleanups to finish.
2026-09-01 05:59:46,213 - INFO - Exiting Kaleido.
2026-09-01 05:59:46,213 - INFO - TemporaryDirectory.cleanup() worked.
2026-09-01 05:59:46,213 - INFO - shutil.rmtree worked.
2026-09-01 05:59:46,213 - INFO - Closing browser.
2026-09-01 05:59:46,215 - INFO - TemporaryDirectory.cleanup() worked.
2026-09-01 05:59:46,215 - INFO - shutil.rmtree worked.
2026-09-01 05:59:46,215 - INFO - Closing browser.
2026-09-01 05:59:46,215 - INFO - Cancelling tasks.
2026-09-01 05:59:46,215 - INFO - Exiting Kaleido/Choreo.
2026-09-01 05:59:46,336 - INFO - TemporaryDirectory.cleanup() worked.
2026-09-01 05:59:46,336 - INFO - shutil.rmtree worked.
2026-09-01 05:59:46,336 - INFO - Cancelling tasks.
2026-09-01 05:59:46,336 - INFO - Exiting Kaleido/Choreo.
2026-09-01 05:59:46,353 - INFO - TemporaryDirectory.cleanup() worked.
2026-09-01 05:59:46,353 - INFO - shutil.rmtree worked.
2026-09-01 05:59:46,463 - INFO - TemporaryDirectory.cleanup() worked.
2026-09-01 05:59:46,463 - INFO - shutil.rmtree worked.
2026-09-02 05:23:59,095 - INFO - ScholarTracker initialized for author_query='None', author_id='test_id'
2026-09-02 05:23:59,095 - INFO - Free proxy support enabled
2026-09-02 05:23:59,096 - INFO - ScholarTracker initialized for author_query='John Doe', author_id='None'
2026-09-02 05:23:59,096 - INFO - Free proxy support enabled
2026-09-02 05:23:59,097 - INFO - ScholarTracker initialized for author_query='John Doe', author_id='test_id'
2026-09-02 05:23:59,097 - INFO - Free proxy support enabled
2026-09-02 05:23:59,098 - INFO - ScholarTracker initialized for author_query='None', author_id='test_id'
2026-09-02 05:23:59,099 - INFO - ScraperAPI is configured for proxy support
2026-09-02 05:23:59,099 - INFO - Free proxy support enabled
2026-09-02 05:23:59,099 - INFO - ScholarTracker initialized for author_query='None', author_id='test_id'
2026-09-02 05:23:59,100 - INFO - ScraperAPI is configured for proxy support
2026-09-02 05:23:59,100 - INFO - Free proxy support enabled
2026-09-02 05:23:59,100 - INFO - ScholarTracker initialized for author_query='None', author_id='test_id'
2026-09-02 05:23:59,101 - INFO - Free proxy support enabled
2026-09-02 05:23:59,101 - INFO - ScholarTracker initialized for author_query='None', author_id='test_id'
2026-09-02 05:23:59,101 - INFO - Free proxy support enabled
2026-09-02 05:23:59,102 - INFO - Validating collected stats...
2026-09-02 05:23:59,102 - INFO - Stats validation passed
2026-09-02 05:23:59,102 - INFO - ScholarTracker initialized for author_query='None', author_id='test_id'
2026-09-02 05:23:59,102 - INFO - Free proxy support enabled
2026-09-02 05:23:59,103 - INFO - Validating collected stats...
2026-09-02 05:23:59,103 - ERROR - Invalid total_citations: -10
2026-09-02 05:23:59,104 - INFO - ScholarTracker initialized for author_query='None', author_id='test_id'
2026-09-02 05:23:59,104 - INFO - Free proxy support enabled
2026-09-02 05:23:59,104 - INFO - Validating collected stats...
2026-09-02 05:23:59,104 - ERROR - Inconsistent stats: 500 citations but h_index=0
2026-09-02 05:23:59,105 - INFO - ScholarTracker initialized for author_query='None', author_id='test_id'
2026-09-02 05:23:59,105 - INFO - Free proxy support enabled
2026-09-02 05:23:59,105 - INFO - Validating collected stats...
2026-09-02 05:23:59,105 - ERROR - No papers found in stats
2026-09-02 05:23:59,106 - INFO - ScholarTracker initialized for author_query='None', author_id='test_id'
2026-09-02 05:23:59,106 - INFO - Free proxy support enabled
2026-09-02 05:23:59,106 - INFO - Validating collected stats...
2026-09-02 05:23:59,106 - ERROR - h_index dropped from 5 to 0 - likely parsing error
2026-09-02 05:23:59,107 - INFO - ScholarTracker initialized for author_query='None', author_id='test_id'
2026-09-02 05:23:59,107 - INFO - Free proxy support enabled
2026-09-02 05:23:59,107 - INFO - Validating collected stats...
2026-09-02 05:23:59,107 - INFO - Stats validation passed
2026-09-02 05:23:59,108 - INFO - ScholarTracker initialized for author_query='None', author_id='test_id'
2026-09-02 05:23:59,108 - INFO - Free proxy support enabled
2026-09-02 05:23:59,109 - INFO - Calculating citation changes...
2026-09-02 05:23:59,109 - INFO - Found 2 papers with new citations.
2026-09-02 05:23:59,109 - INFO - ScholarTracker initialized for author_query='None', author_id='test_id'
2026-09-02 05:23:59,110 - INFO - Free proxy support enabled
2026-09-02 05:23:59,110 - INFO - Calculating citation changes...
2026-09-02 05:23:59,110 - INFO - No new citations found for any papers.
2026-09-02 05:23:59,111 - INFO - ScholarTracker initialized for author_query='None', author_id='test_id'
2026-09-02 05:23:59,111 - INFO - Free proxy support enabled
2026-09-02 05:23:59,112 - INFO - ScholarTracker initialized for author_query='None', author_id='test_id'
2026-09-02 05:23:59,112 - INFO - Free proxy support enabled
2026-09-02 05:23:59,112 - INFO - Calculating citation changes...
2026-09-02 05:23:59,112 - INFO - Found 1 papers with new citations.
2026-09-02 05:23:59,113 - INFO - ScholarTracker initialized for author_query='None', author_id='test_id'
2026-09-02 05:23:59,113 - INFO - ScraperAPI is configured for proxy support
2026-09-02 05:23:59,113 - INFO - Free proxy support enabled
2026-09-02 05:23:59,114 - INFO - Searching for author by ID: 'test_id' (attempt 1/1)
2026-09-02 05:23:59,114 - INFO - ScraperAPI key detected, using manual fetch path first
2026-09-02 05:23:59,114 - INFO - Found author: Test Author
2026-09-02 05:23:59,114 - INFO - Successfully collected stats for 1 papers.
2026-09-02 05:23:59,114 - INFO - Validating collected stats...
2026-09-02 05:23:59,115 - INFO - Stats validation passed
2026-09-02 05:23:59,115 - INFO - ScholarTracker initialized for author_query='None', author_id='test_id'
2026-09-02 05:23:59,116 - INFO - ScraperAPI is configured for proxy support
2026-09-02 05:23:59,116 - INFO - Free proxy support enabled
2026-09-02 05:23:59,116 - INFO - Searching for author by ID: 'test_id' (attempt 1/2)
2026-09-02 05:23:59,116 - INFO - ScraperAPI key detected, using manual fetch path first
2026-09-02 05:23:59,116 - ERROR - Data fetch error (attempt 1/2): manual fetch failed
2026-09-02 05:23:59,116 - INFO - Retrying in 0 seconds...
2026-09-02 05:23:59,117 - INFO - Searching for author by ID: 'test_id' (attempt 2/2)
2026-09-02 05:23:59,117 - INFO - ScraperAPI key detected, using manual fetch path first
2026-09-02 05:23:59,117 - ERROR - Data fetch error (attempt 2/2): manual fetch failed
2026-09-02 05:23:59,117 - ERROR - All retry attempts failed. Last error: manual fetch failed
2026-09-02 05:23:59,118 - INFO - ScholarTracker initialized for author_query='None', author_id='test_id'
2026-09-02 05:23:59,118 - INFO - ScraperAPI is configured for proxy support
2026-09-02 05:23:59,118 - INFO - Free proxy support enabled
2026-09-02 05:23:59,119 - INFO - Manually fetching data from: https://scholar.google.com/citations?hl=en&user=test_id&pagesize=100&view_op=list_works&sortby=pubdate
2026-09-02 05:23:59,119 - INFO - Attempting fetch via ScraperAPI...
2026-09-02 05:23:59,119 - INFO - ScraperAPI fetch successful
2026-09-02 05:23:59,120 - INFO - Successfully manually fetched data for Test Author: 100 citations, 1 papers
2026-09-02 05:23:59,122 - INFO - ScholarTracker initialized for author_query='None', author_id='test_id'
2026-09-02 05:23:59,122 - INFO - Free proxy support enabled
2026-09-02 05:23:59,122 - INFO - Starting history update...
2026-09-02 05:23:59,122 - INFO - No history file found. A new one will be created.
2026-09-02 05:23:59,122 - INFO - Validating collected stats...
2026-09-02 05:23:59,122 - INFO - Stats validation passed
2026-09-02 05:23:59,122 - INFO - Appended new history entry for 2024-01-02.
2026-09-02 05:23:59,123 - INFO - No previous stats to compare against.
2026-09-02 05:23:59,123 - INFO - History update complete.
2026-09-02 05:23:59,124 - INFO - ScholarTracker initialized for author_query='None', author_id='test_id'
2026-09-02 05:23:59,124 - INFO - Free proxy support enabled
2026-09-02 05:23:59,125 - INFO - Starting history update...
2026-09-02 05:23:59,125 - INFO - Loaded 2 history entries from /tmp/pytest-of-runner/pytest-0/test_update_history_replaces_s0/citation_history.json
2026-09-02 05:23:59,125 - INFO - Validating collected stats...
2026-09-02 05:23:59,125 - INFO - Stats validation passed
2026-09-02 05:23:59,125 - INFO - Refreshing existing entry for 2024-01-02.
2026-09-02 05:23:59,125 - INFO - Calculating citation changes...
2026-09-02 05:23:59,125 - INFO - Found 1 papers with new citations.
2026-09-02 05:23:59,125 - INFO - Saved daily changes to /tmp/pytest-of-runner/pytest-0/test_update_history_replaces_s0/daily_changes.json
2026-09-02 05:23:59,126 - INFO - History update complete.
2026-09-02 05:23:59,127 - INFO - ScholarTracker initialized for author_query='None', author_id='test_id'
2026-09-02 05:23:59,127 - INFO - Free proxy support enabled
2026-09-02 05:23:59,127 - INFO - Starting history update...
2026-09-02 05:23:59,128 - INFO - Loaded 1 history entries from /tmp/pytest-of-runner/pytest-0/test_update_history_records_ze0/citation_history.json
2026-09-02 05:23:59,128 - INFO - Validating collected stats...
2026-09-02 05:23:59,128 - INFO - Stats validation passed
2026-09-02 05:23:59,128 - INFO - Appended new history entry for 2024-01-02.
2026-09-02 05:23:59,128 - INFO - Calculating citation changes...
2026-09-02 05:23:59,128 - INFO - No new citations found for any papers.
2026-09-02 05:23:59,128 - INFO - Saved daily changes to /tmp/pytest-of-runner/pytest-0/test_update_history_records_ze0/daily_changes.json
2026-09-02 05:23:59,128 - INFO - History update complete.
2026-09-02 05:24:00,102 - INFO - ScholarTracker initialized for author_query='None', author_id='VtK5lwUAAAAJ'
2026-09-02 05:24:00,102 - INFO - ScholarTracker initialized for author_query='None', author_id='VtK5lwUAAAAJ'
2026-09-02 05:24:00,102 - INFO - ScraperAPI is configured for proxy support
2026-09-02 05:24:00,102 - INFO - ScraperAPI is configured for proxy support
2026-09-02 05:24:00,102 - INFO - Free proxy support enabled
2026-09-02 05:24:00,102 - INFO - Free proxy support enabled
2026-09-02 05:24:00,102 - INFO - Starting history update...
2026-09-02 05:24:00,102 - INFO - Starting history update...
2026-09-02 05:24:00,102 - INFO - Searching for author by ID: 'VtK5lwUAAAAJ' (attempt 1/5)
2026-09-02 05:24:00,102 - INFO - Searching for author by ID: 'VtK5lwUAAAAJ' (attempt 1/5)
2026-09-02 05:24:00,102 - INFO - ScraperAPI key detected, using manual fetch path first
2026-09-02 05:24:00,102 - INFO - ScraperAPI key detected, using manual fetch path first
2026-09-02 05:24:00,103 - INFO - Manually fetching data from: https://scholar.google.com/citations?hl=en&user=VtK5lwUAAAAJ&pagesize=100&view_op=list_works&sortby=pubdate
2026-09-02 05:24:00,103 - INFO - Manually fetching data from: https://scholar.google.com/citations?hl=en&user=VtK5lwUAAAAJ&pagesize=100&view_op=list_works&sortby=pubdate
2026-09-02 05:24:00,103 - INFO - Attempting fetch via ScraperAPI...
2026-09-02 05:24:00,103 - INFO - Attempting fetch via ScraperAPI...
2026-09-02 05:24:00,302 - WARNING - ScraperAPI failed: ScraperAPI returned status 401, trying direct request...
2026-09-02 05:24:00,302 - WARNING - ScraperAPI failed: ScraperAPI returned status 401, trying direct request...
2026-09-02 05:24:00,302 - INFO - Attempting fetch with automatic fallback (direct -> free proxy)...
2026-09-02 05:24:00,302 - INFO - Attempting fetch with automatic fallback (direct -> free proxy)...
2026-09-02 05:24:00,302 - INFO - Trying direct request first...
2026-09-02 05:24:00,302 - INFO - Trying direct request first...
2026-09-02 05:24:00,848 - WARNING - Direct request failed: 403 Client Error: Forbidden for url: https://scholar.google.com/citations?hl=en&user=VtK5lwUAAAAJ&pagesize=100&view_op=list_works&sortby=pubdate
2026-09-02 05:24:00,848 - WARNING - Direct request failed: 403 Client Error: Forbidden for url: https://scholar.google.com/citations?hl=en&user=VtK5lwUAAAAJ&pagesize=100&view_op=list_works&sortby=pubdate
2026-09-02 05:24:08,156 - INFO - Got free proxy: http://91.223.116.132:3128
2026-09-02 05:24:08,156 - INFO - Got free proxy: http://91.223.116.132:3128
2026-09-02 05:24:08,156 - INFO - Trying with free proxy: http://91.223.116.132:3128
2026-09-02 05:24:08,156 - INFO - Trying with free proxy: http://91.223.116.132:3128
2026-09-02 05:24:11,718 - INFO - Successfully manually fetched data for Xiang Liu: 1371 citations, 46 papers
2026-09-02 05:24:11,718 - INFO - Successfully manually fetched data for Xiang Liu: 1371 citations, 46 papers
2026-09-02 05:24:11,719 - INFO - Found author: Xiang Liu
2026-09-02 05:24:11,719 - INFO - Found author: Xiang Liu
2026-09-02 05:24:11,719 - INFO - Successfully collected stats for 46 papers.
2026-09-02 05:24:11,719 - INFO - Successfully collected stats for 46 papers.
2026-09-02 05:24:11,719 - INFO - Validating collected stats...
2026-09-02 05:24:11,719 - INFO - Validating collected stats...
2026-09-02 05:24:11,719 - INFO - Stats validation passed
2026-09-02 05:24:11,719 - INFO - Stats validation passed
2026-09-02 05:24:11,726 - INFO - Loaded 337 history entries from data/citation_history.json
2026-09-02 05:24:11,726 - INFO - Loaded 337 history entries from data/citation_history.json
2026-09-02 05:24:11,726 - INFO - Validating collected stats...
2026-09-02 05:24:11,726 - INFO - Validating collected stats...
2026-09-02 05:24:11,726 - INFO - Stats validation passed
2026-09-02 05:24:11,726 - INFO - Stats validation passed
2026-09-02 05:24:11,761 - INFO - Appended new history entry for 2026-09-02.
2026-09-02 05:24:11,761 - INFO - Appended new history entry for 2026-09-02.
2026-09-02 05:24:11,761 - INFO - Calculating citation changes...
2026-09-02 05:24:11,761 - INFO - Calculating citation changes...
2026-09-02 05:24:11,761 - INFO - No new citations found for any papers.
2026-09-02 05:24:11,761 - INFO - No new citations found for any papers.
2026-09-02 05:24:11,761 - INFO - Saved daily changes to data/daily_changes.json
2026-09-02 05:24:11,761 - INFO - Saved daily changes to data/daily_changes.json
2026-09-02 05:24:11,761 - INFO - History update complete.
2026-09-02 05:24:11,761 - INFO - History update complete.
2026-09-02 05:24:11,776 - INFO - Generating citation trends chart
2026-09-02 05:24:11,945 - INFO - Chromium init'ed with kwargs {}
2026-09-02 05:24:11,947 - INFO - Found chromium path: /usr/bin/google-chrome
2026-09-02 05:24:11,947 - INFO - Temp directory created: /tmp/tmp0yxo26x5.
2026-09-02 05:24:11,948 - INFO - Opening browser.
2026-09-02 05:24:11,948 - INFO - Temp directory created: /tmp/tmp60l490wp.
2026-09-02 05:24:11,948 - INFO - Temporary directory at: /tmp/tmp60l490wp
2026-09-02 05:24:12,849 - INFO - Conforming 1 to file:///tmp/tmp0yxo26x5/index.html
2026-09-02 05:24:14,204 - INFO - Getting tab from queue (has 1)
2026-09-02 05:24:14,204 - INFO - Got F378
2026-09-02 05:24:14,300 - INFO - Reloading tab F378 before return.
2026-09-02 05:24:14,411 - INFO - Putting tab F378 back (queue size: 0).
2026-09-02 05:24:14,411 - INFO - Waiting for all cleanups to finish.
2026-09-02 05:24:14,411 - INFO - Exiting Kaleido.
2026-09-02 05:24:14,412 - INFO - TemporaryDirectory.cleanup() worked.
2026-09-02 05:24:14,412 - INFO - shutil.rmtree worked.
2026-09-02 05:24:14,412 - INFO - Closing browser.
2026-09-02 05:24:14,413 - INFO - TemporaryDirectory.cleanup() worked.
2026-09-02 05:24:14,413 - INFO - shutil.rmtree worked.
2026-09-02 05:24:14,413 - INFO - Closing browser.
2026-09-02 05:24:14,413 - INFO - Cancelling tasks.
2026-09-02 05:24:14,414 - INFO - Exiting Kaleido/Choreo.
2026-09-02 05:24:14,535 - INFO - TemporaryDirectory.cleanup() worked.
2026-09-02 05:24:14,535 - INFO - shutil.rmtree worked.
2026-09-02 05:24:14,535 - INFO - Cancelling tasks.
2026-09-02 05:24:14,535 - INFO - Exiting Kaleido/Choreo.
2026-09-02 05:24:14,557 - INFO - Generating paper trends chart
2026-09-02 05:24:14,560 - INFO - TemporaryDirectory.cleanup() worked.
2026-09-02 05:24:14,560 - INFO - shutil.rmtree worked.
2026-09-02 05:24:14,611 - INFO - Chromium init'ed with kwargs {}
2026-09-02 05:24:14,611 - INFO - Found chromium path: /usr/bin/google-chrome
2026-09-02 05:24:14,612 - INFO - Temp directory created: /tmp/tmpcvrv7pxf.
2026-09-02 05:24:14,612 - INFO - Opening browser.
2026-09-02 05:24:14,613 - INFO - Temp directory created: /tmp/tmp7uehrcgh.
2026-09-02 05:24:14,613 - INFO - Temporary directory at: /tmp/tmp7uehrcgh
2026-09-02 05:24:14,881 - INFO - Conforming 1 to file:///tmp/tmpcvrv7pxf/index.html
2026-09-02 05:24:16,210 - INFO - Getting tab from queue (has 1)
2026-09-02 05:24:16,211 - INFO - Got 4086
2026-09-02 05:24:16,565 - INFO - Reloading tab 4086 before return.
2026-09-02 05:24:16,670 - INFO - Putting tab 4086 back (queue size: 0).
2026-09-02 05:24:16,670 - INFO - Waiting for all cleanups to finish.
2026-09-02 05:24:16,670 - INFO - Exiting Kaleido.
2026-09-02 05:24:16,670 - INFO - TemporaryDirectory.cleanup() worked.
2026-09-02 05:24:16,670 - INFO - shutil.rmtree worked.
2026-09-02 05:24:16,670 - INFO - Closing browser.
2026-09-02 05:24:16,672 - INFO - TemporaryDirectory.cleanup() worked.
2026-09-02 05:24:16,672 - INFO - shutil.rmtree worked.
2026-09-02 05:24:16,672 - INFO - Closing browser.
2026-09-02 05:24:16,672 - INFO - Cancelling tasks.
2026-09-02 05:24:16,672 - INFO - Exiting Kaleido/Choreo.
2026-09-02 05:24:16,792 - INFO - TemporaryDirectory.cleanup() worked.
2026-09-02 05:24:16,792 - INFO - shutil.rmtree worked.
2026-09-02 05:24:16,792 - INFO - Cancelling tasks.
2026-09-02 05:24:16,792 - INFO - Exiting Kaleido/Choreo.
2026-09-02 05:24:16,807 - INFO - TemporaryDirectory.cleanup() worked.
2026-09-02 05:24:16,807 - INFO - shutil.rmtree worked.
